industry,time,staff,process_1,process_2,process_3,process_4,process_5,process_6,process_7,process_8,process_9,process_10,process_11,COD,pH,Cr6,water,N,P,Cu,Cr,Zn,Fe,Ni,NH3N,HW17,HWsum
3130,202204,3,1,1,0,0,0,0,0,0,0,1,0,9.332096699,7.195215054,0.007826198,242,0.875679109,0.031125281,0.006026086,0.005409325,0.016697085,0,0.006264925,0.204265681,2.438,34.118
3130,202109,3,1,1,0,0,0,0,0,0,0,1,0,13.14977262,7.195215054,0.011027825,341,1.233911472,0.043858351,0.008491303,0.007622231,0.02352771,0,0.008827849,0.287828915,6.747,103.607
3130,202111,3,1,1,0,0,0,0,0,0,0,1,0,56.91807739,7.195215054,0.047733341,1476,5.340918866,0.189838493,0.036754142,0.032992415,0.101838418,0,0.038210866,1.245851841,3.415,123.101
3130,202003,4,0,1,1,0,0,0,0,0,0,1,0,187.571385,7.89516129,0.300952895,9306,50.66794444,0.330858212,0.231730386,0.208013153,0.642078808,0,0.240914852,3.46383,42.46,2198.978
3130,202009,4,0,1,1,0,0,0,0,0,0,1,0,305.53,8.143666667,0.578524215,17889,97.39940448,0.63601145,0.445457218,0.399865388,1.234273351,0,0.463112593,11.91,32.56,3806.2145
3130,202212,4,0,1,1,0,0,0,0,0,0,1,0,361.775658,7.609516129,0.915956249,28323,154.2089179,1.006973688,0.705276135,0.633092257,1.954179893,0,0.733229245,5.492367,12.6235,4010.2625
3130,202205,4,0,1,1,0,0,0,0,0,0,1,0,365.915408,8.010967742,0.57613108,17815,96.99650013,0.633380512,0.44361453,0.398211296,1.229167631,0,0.461196872,2.356907,11.5855,4393.063
3130,202204,4,0,1,1,0,0,0,0,0,0,1,0,337.441801,8.094333333,0.525034414,16235,88.39394777,0.577206434,0.404270665,0.362894213,1.120153605,0,0.420293641,1.691157,18.636,4505.873
3130,202109,4,0,1,1,0,0,0,0,0,0,1,0,414.34924,7.986333333,0.72253273,22342,121.644446,0.794329913,0.556342174,0.499401447,1.541513511,0,0.578392395,5.705513,31.0425,2694.7865
3130,202205,2,0,0,0,0,0,0,0,0,0,1,0,6.596886804,7.485,0.007114726,220,1.197823746,0.007821707,0.00547826,0.004917569,0.015179168,0,0.005695387,0.061959942,3.2,49.31
3130,202205,2,0,1,0,0,0,0,0,0,0,1,0,0.973468,7.485,0.000776152,24,0.130671681,0.000853277,0.000597628,0.000536462,0.001655909,0,0.000621315,0.05478,3,3
3130,202111,1,0,0,0,0,0,0,0,0,0,1,0,4.70777831,7.485,0.005077327,157,0.854810582,0.005581855,0.003909485,0.003509356,0.010832406,0,0.004064435,0.044216867,0.94,19.53
3130,202204,1,0,0,0,0,0,0,0,0,0,1,0,5.787268878,7.485,0.006241555,193,1.050818104,0.00686177,0.004805928,0.004314049,0.01331627,0,0.004996407,0.054355767,4.775,33.115
3130,202202,4,0,1,1,0,0,0,0,0,0,1,0,108.1889436,7.485,0.116681501,3608,19.64430943,0.128275997,0.089843459,0.080648126,0.248938356,0,0.09340434,1.016143043,32.467,194.094
3130,202210,4,0,1,1,0,0,0,0,0,0,1,0,100.2426936,7.485,0.10811149,3343,18.20147628,0.118854395,0.083244646,0.074724691,0.230654358,0,0.086543988,0.941509477,33.179,290.059
3130,202203,1,0,1,1,0,0,0,0,0,0,1,0,15.70436881,7.485,0.016937122,523.726,2.851506541,0.018620143,0.013041396,0.01170663,0.036135113,0,0.013558282,0.147500147,5.6,62.87
3130,202107,1,0,1,1,0,0,0,0,0,0,1,0,14.43212921,7.485,0.015565015,481.298,2.620500787,0.017111691,0.011984888,0.010758254,0.033207742,0,0.012459901,0.135550891,5.15,85.92
3130,202010,1,0,1,1,0,0,0,0,0,0,1,0,22.42518713,7.485,0.024185507,747.859,4.071833039,0.026588791,0.018622572,0.016716582,0.051599443,0,0.019360664,0.210624091,8.2,87.46
3130,202008,1,0,1,1,0,0,0,0,0,0,1,0,21.04433878,7.485,0.022696266,701.809,3.82110675,0.024951566,0.017475873,0.015687245,0.048422167,0,0.018168516,0.197654749,4.447,92.467
3130,202207,1,0,0,1,0,0,0,0,0,0,1,0,0.053104939,7.485,5.73E-05,1.771,0.009642481,6.30E-05,4.41E-05,3.96E-05,0.000122192,0,4.58E-05,0.000498778,1.9,1.9
3130,202210,1,0,0,1,0,0,0,0,0,0,1,0,0.062190651,7.485,6.71E-05,2.074,0.011292211,7.37E-05,5.16E-05,4.64E-05,0.000143098,0,5.37E-05,0.000584113,3.56,3.56
3130,202112,1,0,0,1,0,0,0,0,0,0,1,0,0.029266189,7.485,3.16E-05,0.976,0.005313982,3.47E-05,2.43E-05,2.18E-05,6.73E-05,0,2.53E-05,0.000274877,15,75
3130,202209,3,0,1,0,0,0,0,0,0,1,1,0,29.67,7.888,0.009895743,305.994,2.388,0.01087907,0.007619612,0.006839757,0.021112429,0,0.00792161,0.707,7.117,279.817
3130,202204,3,0,1,0,0,0,0,0,0,1,1,0,28.943,7.481357133,0.007954845,245.978,2.198,0.008745309,0.006125143,0.005498244,0.016971552,0,0.006367908,0.886,9.5415,282.9715
3130,202203,3,0,1,0,0,0,0,0,0,1,1,0,39.646,6.134635548,0.01021694,315.926,2.963,0.011232185,0.00786693,0.007061763,0.021797699,0,0.00817873,1.551,11.934,293.054
3130,202201,3,0,1,0,0,0,0,0,0,1,1,0,25.015,7.455597538,0.010835501,335.053,2.847,0.011912211,0.008343215,0.007489301,0.02311739,0,0.008673893,0.739,10.5735,259.7935
3130,202212,2,1,0,1,0,0,0,0,0,0,1,0,6.026016209,7.485,0.006499043,200.962,1.094168434,0.007144845,0.005004191,0.00449202,0.013865618,0,0.005202529,0.056598154,1.963,61.603
3130,202204,2,1,0,1,0,0,0,0,0,0,1,0,10.18454372,7.485,0.010984005,339.645,1.8492493,0.012075471,0.008457561,0.007591944,0.023434221,0,0.008792771,0.095656293,6.976,66.486
3130,202205,2,1,0,1,0,0,0,0,0,0,1,0,15.80149298,7.485,0.01704187,526.965,2.869141773,0.0187353,0.013122051,0.01177903,0.036358592,0,0.013642134,0.148412367,12.801,68.051
3130,202012,3,0,1,0,0,0,0,0,0,1,1,0,1030.257732,8.466774194,1.111130346,34358.131,187.0681144,1.221541993,0.855558021,0.767993033,2.37058111,0,0.889467445,9.676489962,14,14.16
3130,202206,3,0,1,0,0,0,0,0,0,1,1,0,387.9888807,8.477333333,0.418445022,12939.066,70.44872955,0.460025386,0.322198018,0.289221569,0.892746623,0,0.334968103,3.644108065,23,23
3130,202202,3,0,1,0,0,0,0,0,0,1,1,0,1296.26031,8.803571429,1.39801345,43229.068,235.3672916,1.536932317,1.076454824,0.966281404,2.982642216,0,1.119119334,12.17486605,30,30.04
3130,202203,1,0,0,1,0,0,0,0,0,0,1,0,20.67056817,7.485,0.022293155,689.3441,3.75323969,0.024508398,0.017165482,0.015408622,0.047562136,0,0.017845823,0.194144183,0,25.06
3130,202204,1,0,0,0,0,0,0,0,0,0,1,0,1.6721,6.521444433,0.004915629,152,0.827587315,0.005404089,0.003784979,0.003397593,0.010487425,0,0.003934994,0.042808687,1.365,1.365
3130,202203,1,0,0,0,0,0,0,0,0,0,1,0,2.173,6.661875,0.002975249,92,0.500908112,0.003270896,0.002290909,0.002056438,0.006347652,0,0.002381707,0.025910521,1.403,1.403
3130,202211,1,0,0,0,0,0,0,0,0,0,1,0,6.240248,7.880666667,0.006855038,211.97,1.154103179,0.007536215,0.005278303,0.004738077,0.014625128,0,0.005487505,0.059698404,2.046,2.046
3130,202206,3,0,1,0,0,0,0,0,0,0,1,0,3.939608,7.485,0.003984056,123.194114,0.67074925,0.004379947,0.003067679,0.002753707,0.008499928,0,0.003189264,0.03469591,4.9,5.31
3130,202208,3,0,1,0,0,0,0,0,0,0,1,0,3.32419,7.485,0.003743628,115.759656,0.630271203,0.004115628,0.002882552,0.002587528,0.007986979,0,0.0029968,0.032602098,10.163,10.163
3130,202111,3,0,1,0,0,0,0,0,0,0,1,0,9.7659,7.485,0.005417508,167.519,0.912082891,0.005955839,0.004171421,0.003744483,0.011558178,0,0.004336752,0.047179398,13.48,88.48
3130,202107,3,0,1,0,0,0,0,0,0,0,1,0,22.55085,7.485,0.009306653,287.7783,1.566853096,0.010231444,0.007166019,0.006432589,0.019855614,0,0.007450039,0.081048758,16.75,134.174
3130,202209,1,0,0,0,0,0,0,0,0,0,1,0,2.83E-05,7.485,3.05E-08,0.000944,5.14E-06,3.36E-08,2.35E-08,2.11E-08,6.51E-08,0,2.44E-08,2.66E-07,0,5.5
3130,202112,1,0,0,0,0,0,0,0,0,0,1,0,7.26E-05,7.485,7.83E-08,0.002422,1.32E-05,8.61E-08,6.03E-08,5.41E-08,1.67E-07,0,6.27E-08,6.82E-07,0.378,6.378
3130,202205,1,0,0,0,0,0,0,0,0,0,1,0,2.86E-05,7.485,3.08E-08,0.000953,5.19E-06,3.39E-08,2.37E-08,2.13E-08,6.58E-08,0,2.47E-08,2.68E-07,0,12
3130,202201,3,0,1,1,0,0,0,0,0,0,1,0,0.059971698,6.119677419,6.47E-05,2,0.010889307,7.11E-05,4.98E-05,4.47E-05,0.000137992,0,5.18E-05,0.000563272,47.44,47.44
3130,202212,5,0,0,1,0,0,0,0,0,1,1,0,121.8630905,7.485,0.131429033,4064.02,22.12718027,0.144488974,0.101198896,0.090841351,0.280402011,0,0.105209841,1.144574736,1,39.08
3130,202203,5,0,0,1,0,0,0,0,0,1,1,0,86.28907855,7.485,0.093062552,2877.66,15.66786127,0.102310063,0.071657131,0.064323139,0.198547658,0,0.07449721,0.810452935,4.51,60.8
3130,202205,5,0,0,1,0,0,0,0,0,1,1,0,100.5101674,7.485,0.10839996,3351.92,18.25004259,0.11917153,0.083466765,0.074924076,0.231269804,0,0.08677491,0.944021671,4.42,108.79
3130,202205,3,1,0,0,0,0,0,0,0,1,1,0,322.3835611,7.431987634,0.347689851,10751.19,58.53650307,0.382239362,0.267717323,0.240316885,0.741791453,0,0.278328105,3.027923204,24.893,393.573
3130,202208,3,1,0,0,0,0,0,0,0,1,1,0,757.9834933,7.431987634,0.817483271,25278.04,137.6301662,0.898715572,0.629453036,0.56502953,1.744089168,0,0.654400953,7.11920856,57.349,768.829
3130,202111,3,1,0,0,0,0,0,0,0,1,1,0,383.4233553,7.4124,0.413521114,12786.81,69.6197484,0.454612196,0.318406664,0.285818254,0.882241535,0,0.331026482,3.601227279,46.586,611.336
3130,202110,4,0,0,1,0,0,0,0,0,0,1,0,148.87,7.808333333,0.152651937,4720.27,25.70023405,0.167820771,0.117540295,0.105510235,0.32568078,0,0.12219892,1.329398426,0,196
3130,202011,4,0,0,1,0,0,0,0,0,0,1,0,239.2,7.721851852,0.101287498,3131.99,17.05259997,0.111352312,0.077990248,0.070008072,0.216095466,0,0.081081335,0.882081444,3.92,1031.4
3130,202209,4,0,0,1,0,0,0,0,0,0,1,0,906.129,7.464,0.983556329,30413.315,165.5899586,1.081291105,0.757327446,0.6798162,2.098403724,0,0.787343572,8.565487375,10.068,1421.148
3130,202010,3,1,0,1,0,0,0,0,0,0,1,0,206.1857,7.348461538,0.245480466,7590.6936,41.32869563,0.269873556,0.189017231,1.0211,0.523729153,0,0.196508793,2.137813329,13.695,29.623
3130,202207,3,1,0,1,0,0,0,0,0,0,1,0,343.1402,7.371935484,0.240353019,7432.1438,40.46544693,0.264236601,0.185069154,0.4248,0.512789817,0,0.192404236,2.093159982,20.82,66.661
3130,202112,1,1,0,0,0,0,0,0,0,0,1,0,1.53704464,7.485,0.001657699,51.259,0.279087488,0.001822422,0.00127641,0.001145771,0.003536677,0,0.001326999,0.014436385,2.665,36.0628
3130,202201,3,0,0,0,0,0,0,0,0,0,1,0,993.8548571,7.205666667,1.071869938,33144.1292,180.4582954,1.178380327,0.825327943,0.740856955,2.286819576,0,0.85803922,9.334583231,33.784,35.518
3130,202206,3,0,0,0,0,0,0,0,0,0,1,0,1834.11433,7.668,1.978087644,61165.9961,333.027648,2.174647765,1.523105508,1.367218109,4.220222425,0,1.583472695,17.22655249,35.77,36.977
3130,202205,3,0,0,0,0,0,0,0,0,0,1,0,1866.673684,7.537741935,2.013202825,62251.8201,338.9395833,2.213252298,1.550143808,1.391489082,4.295140174,0,1.611582638,17.53235973,37.756,37.756
3130,202112,3,0,0,0,0,0,0,0,0,0,1,0,1035.178131,6.993684211,1.116436983,34522.2217,187.9615314,1.227375945,0.859644073,0.771660885,2.381902748,0,0.893715445,9.722703826,34.464,40.373
3130,202206,4,0,0,0,0,0,0,0,0,0,1,0,300.464,7.485,0.156589743,4842.034,26.36319683,0.172149872,0.120572363,0.108231975,0.334082035,0,0.125351161,1.363691564,20.228,913.005
3130,202205,4,0,0,0,0,0,0,0,0,0,1,0,217.311,7.485,0.164015965,5071.666,27.61346348,0.180314028,0.12629047,0.113364844,0.349925775,0,0.131295902,1.428364224,23.465,1438.795
3130,202207,4,0,0,0,0,0,0,0,0,0,1,0,474.685,7.485,0.160260036,4955.526,26.98112143,0.176184878,0.123398447,0.110768815,0.341912554,0,0.128289256,1.395655008,50.92,1455.295
3130,202212,4,0,0,0,0,0,0,0,0,0,1,0,465.036,7.485,0.174785266,5404.672,29.42656572,0.192153462,0.134582713,0.120808389,0.37290193,0,0.139916802,1.522150735,13.6,1649.28
3130,202005,4,0,0,0,0,0,0,0,0,0,1,0,37.641,7.485,0.012316625,380.852,2.073607133,0.013540513,0.009483664,0.008513027,0.026277348,0,0.009859543,0.107261671,23.878,1804.977
3130,202004,4,0,0,0,0,0,0,0,0,0,1,0,5.782,7.485,0.001135057,35.098,0.191096445,0.001247847,0.000873982,0.000784531,0.002421629,0,0.000908621,0.009884864,43.041,1818.21
3130,202007,4,0,0,0,0,0,0,0,0,0,1,0,901.813,7.485,0.373744818,11556.856,62.92307519,0.410883378,0.287779357,0.258325603,0.79737936,0,0.299185284,3.254827833,10.451,1918.004
3130,202011,4,0,0,0,0,0,0,0,0,0,1,0,1253.565,7.485,0.258932582,8006.657,43.59347217,0.284662392,0.199375211,0.178969479,0.552429055,0,0.207277304,2.254963638,32.024,2341.568
3130,202010,4,0,0,0,0,0,0,0,0,0,1,0,949.957,7.485,0.251550763,7778.398,42.35068103,0.276547051,0.193691292,0.1738673,0.536680047,0,0.201368107,2.190677664,29.468,2551.646
3130,202204,2,0,0,0,0,0,0,0,0,0,1,0,0.004617821,7.485,4.98E-06,0.154,0.000838477,5.48E-06,3.83E-06,3.44E-06,1.06E-05,0,3.99E-06,4.34E-05,33.946,33.946
3130,202206,5,1,0,0,0,0,0,0,0,0,0,0,253.757,7.485,0.697231666,21559.646,117.3847997,0.454,0.536860636,0.481913813,1.487534044,0,0.55813872,0.928,9.383,35.243
3130,202203,5,1,0,0,0,0,0,0,0,0,0,0,221.241,7.485,0.402186192,12436.314,67.71141917,0.889,0.309678899,0.277983762,0.858058637,0,0.321952799,15.138,58.986,90.209
3130,202202,5,1,0,0,0,0,0,0,0,0,0,0,194.12,7.485,0.294061216,9092.897,49.50767247,0.801,0.226423869,0.20324975,0.627375507,0,0.235398016,26.204,86.035,102.805
3130,202108,5,1,0,0,0,0,0,0,0,0,0,0,246.9362,7.485,0.292040408,9030.41,49.16745241,0.780711,0.224867869,0.201853004,0.62306414,0,0.233780345,1.490303,93.26,112.02
3130,202112,5,1,0,0,0,0,0,0,0,0,0,0,89.344,7.485,0.278338901,8606.735,46.86068889,0.459,0.214317862,0.192382773,0.593832168,0,0.222812195,0.571,92.775,116.448
3130,202201,4,1,1,0,0,0,0,0,0,0,0,0,156.33,7.485,0.135037493,4175.6,22.73469469,0.148456001,0.103977369,0.093335453,0.288100609,0,0.108098437,1.175999692,0,0.52
3130,202208,2,0,1,0,0,0,0,0,0,0,1,0,4.495658414,7.485,0.004848556,149.926,0.816295104,0.005330351,0.003733334,0.003351234,0.010344327,0,0.003881302,0.042224574,1.22,3
3130,202112,2,0,1,0,0,0,0,0,0,0,1,0,0.044678915,7.485,4.82E-05,1.49,0.008112534,5.30E-05,3.71E-05,3.33E-05,0.000102804,0,3.86E-05,0.000419638,1.68,4
3130,202207,2,0,1,0,0,0,0,0,0,0,1,0,0.035353316,7.485,3.81E-05,1.179,0.006419246,4.19E-05,2.94E-05,2.64E-05,8.13E-05,0,3.05E-05,0.000332049,2.35,4.37
3130,202206,4,1,1,0,0,0,0,0,0,1,1,1,409.9,7.398333333,0.358,12919.89,70.34432288,0.459343617,0.321720513,0.288792936,0.891423552,0,0.334471673,3.638707411,283.17,283.17
3130,202010,4,1,1,0,0,0,0,0,0,1,1,1,204.73,7.371724138,0.24,9591.72,52.22359081,0.341016476,0.238845151,0.214399734,0.661792408,0,0.248311606,2.701374597,254.988,285.82
3130,202201,4,1,1,0,0,0,0,0,0,1,1,1,470.62,7.422307,0.36,9682.23,52.71638638,0.344234398,0.241098957,0.216422866,0.668037256,0,0.25065474,2.726865481,348.704,349.928
3130,202006,4,1,1,0,0,0,0,0,0,1,1,1,402.76,7.22137931,0.31,8430.58,45.90158597,0.299734217,0.209931394,0.188445254,0.581678139,0,0.218251873,2.374355658,579.662,602.234
3130,202209,4,1,1,0,0,0,0,0,0,1,1,1,405.8,7.525333333,0.205,10712.63,58.32655724,0.38086843,0.266757133,0.239454969,0.739130959,0,0.277329859,3.017063316,319.3,338.232
3130,202212,5,1,0,1,0,0,0,0,0,1,1,0,1458.424745,7.485,1.572907381,48637.1001,264.8121519,1.729205241,1.211121208,1.0871649,3.35577598,0,1.259123122,13.69796311,24.228,24.228
3130,202204,5,1,0,1,0,0,0,0,0,1,1,0,2467.582181,7.485,2.661281112,82291.556,448.0489993,2.925729323,2.049156888,1.839428976,5.677806169,0,2.130373741,23.17627276,0,51.24
3130,202207,5,1,0,1,0,0,0,0,0,1,1,0,4740.015677,7.485,5.112094862,158075.086,860.6640527,5.620077402,3.936256246,3.533386749,10.90658315,0,4.09226692,44.51965047,0,58.36
3130,202107,5,1,0,1,0,0,0,0,0,1,1,0,3567.809013,7.485,3.847872954,118983.091,647.8216897,4.230231328,2.962819424,2.65957962,8.209383331,0,3.080248631,33.50993352,38.512,82.372
3130,202110,2,0,0,0,0,0,0,0,0,0,1,0,0.005112587,7.485,5.51E-06,0.1705,0.000928313,6.06E-06,4.25E-06,3.81E-06,1.18E-05,0,4.41E-06,4.80E-05,4.469,18.249
3130,202112,2,0,0,0,0,0,0,0,0,0,1,0,2.320499912,7.485,0.002502653,77.3865,0.421342669,0.002751339,0.001927015,0.001729788,0.005339376,0,0.002003391,0.021794832,6.473,34.573
3130,202201,2,0,0,0,0,0,0,0,0,0,1,0,1.369816558,7.485,0.001477344,45.6821,0.248723201,0.001624145,0.001137538,0.001021113,0.003151892,0,0.001182624,0.012865728,17.734,52.194
3130,202201,2,0,0,0,0,0,0,0,0,0,1,0,17.74613526,7.485,0.019139162,591.817,3.222238435,0.021040997,0.014736942,0.01322864,0.040833135,0,0.01532103,0.166677031,8.728,8.728
3130,202207,2,0,0,0,0,0,0,0,0,0,1,0,9.76144339,7.485,0.010527692,325.535,1.772425241,0.011573816,0.008106206,0.007276549,0.022460684,0,0.008427489,0.091682407,10.26,10.26
3130,202206,2,0,0,0,0,0,0,0,0,0,1,0,9.811429801,7.485,0.010581602,327.202,1.781501478,0.011633083,0.008147716,0.00731381,0.022575701,0,0.008470645,0.092151895,10.55,10.55
3130,202204,2,0,0,0,0,0,0,0,0,0,1,0,17.8104849,7.485,0.019208563,593.963,3.233922661,0.021117294,0.01479038,0.013276608,0.040981201,0,0.015376586,0.167281422,11.376,11.376
3130,202208,2,0,0,0,0,0,0,0,0,0,1,0,3.892672974,7.485,0.004198238,129.817,0.706808569,0.004615412,0.003232597,0.002901745,0.008956882,0,0.003360718,0.036561153,13.262,13.262
3130,202112,3,0,1,0,0,0,0,0,0,0,1,0,9.14301032,7.485,0.009860713,304.910836,1.660133817,0.01084056,0.00759264,0.006815545,0.021037695,0,0.007893569,0.085873898,0,247.66
3130,202203,1,0,1,0,0,0,0,0,0,0,1,0,2.589278071,7.485,0.00279253,86.35,0.47014582,0.00307002,0.002150217,0.001930146,0.005957823,0,0.002235439,0.024319277,0,10.51
3130,202209,2,0,1,1,0,0,0,0,0,1,0,0,877.8612207,7.485,0.946771096,29275.85,159.3968559,1.040850568,0.729003225,0.654390917,2.01992294,0,0.757896741,8.24513617,1.32,56.38
3130,202203,2,0,1,1,0,0,0,0,0,1,0,0,978.5926836,7.485,1.055409722,32635.15,177.6870801,1.16028448,0.81265376,0.729479955,2.251701936,0,0.844862705,9.191236315,0,60
3130,202211,3,0,0,0,0,0,0,0,0,1,0,0,5.835456138,7.485,0.006293525,194.607,1.059567662,0.006918904,0.004845944,0.004349969,0.013427147,0,0.00503801,0.054808356,21.739,21.91
3130,202207,3,0,0,0,0,0,0,0,0,1,0,0,0.000797774,7.485,8.60E-07,0.026605,0.000144855,9.46E-07,6.62E-07,5.95E-07,1.84E-06,0,6.89E-07,7.49E-06,99.838,99.838
3130,202211,5,0,1,0,0,0,0,0,0,0,1,0,130.6203678,7.485,0.140873735,4356.067,23.71727495,0.154872183,0.108471211,0.097369357,0.30055215,0,0.112770389,1.226825714,0.8,0.8
3130,202207,5,0,1,0,0,0,0,0,0,0,1,0,184.4711446,7.485,0.198951661,6151.94,33.49518097,0.218721241,0.153190568,0.13751176,0.424460596,0,0.159262166,1.732608379,2,2
3130,202204,5,0,1,0,0,0,0,0,0,0,1,0,199.1687385,7.485,0.214802978,6642.091,36.16388327,0.236147684,0.165395907,0.148467902,0.458279161,0,0.171951254,1.870652594,5.8,12.4
3130,202209,4,0,0,0,0,0,0,0,0,0,1,0,192.0683593,7.485,0.207145237,6405.3,34.87463835,0.227729003,0.159499531,0.143175011,0.441941478,0,0.16582118,1.803963701,0,161.67
3130,202111,4,0,0,0,0,0,0,0,0,0,1,0,622.6921398,7.485,0.67157189,20766.2,113.0647612,0.738305158,0.517102894,0.464178244,1.43278927,0,0.537597894,5.848511546,0,521.72
3130,202202,4,0,0,0,0,0,0,0,0,0,1,0,456.7114692,7.485,0.492562159,15230.9,82.9269713,0.541507451,0.37926739,0.340449982,1.050874503,0,0.394299379,4.28957125,0,579.8
3130,202112,4,0,0,0,0,0,0,0,0,0,1,0,424.1498357,7.485,0.45744452,14145,77.01462219,0.502900216,0.352227198,0.316177311,0.975951509,0,0.366187469,3.983742611,0,668.87
3130,202205,3,1,0,0,0,0,0,0,0,0,0,0,0.03744213,7.485,4.04E-05,1.24866,0.006798521,4.44E-05,3.11E-05,2.79E-05,8.62E-05,0,3.23E-05,0.000351668,28.338,28.338
3130,202210,1,0,0,0,0,0,0,0,0,0,1,0,31.24560861,7.485,0.033698309,1042.0118,5.673393078,0.037046869,0.025947324,0.023291657,0.071894874,0,0.026975727,0.293468138,3,151.34
3130,202112,1,0,0,0,0,0,0,0,0,0,1,0,42.50275515,7.485,0.045839113,1417.4271,7.717399264,0.050394089,0.035295608,0.031683159,0.09779711,0,0.036694524,0.399198638,13,282
3130,202204,1,0,0,0,0,0,0,0,0,0,1,0,6.674857419,7.485,0.007198817,222.600247,1.211981189,0.007914154,0.005543009,0.004975691,0.015358575,0,0.005762702,0.062692265,1.6,3.6
3130,202111,1,0,0,0,0,0,0,0,0,0,1,0,11.82971568,7.485,0.012758318,394.509945,2.147969909,0.014026097,0.009823763,0.008818317,0.027219694,0,0.010213121,0.111108242,3.577,7.677
3130,202201,1,0,0,0,0,0,0,0,0,0,1,0,10.721342,7.485,0.01156294,357.54672,1.946717961,0.012711935,0.008903335,0.007992093,0.024669372,0,0.009256213,0.100698063,9.105,16.195
3130,202110,4,0,0,0,0,0,0,0,0,0,1,0,233.7486896,7.485,0.252097368,7795.3,42.44270656,0.277147971,0.194112172,0.174245104,0.537846221,0,0.201805668,2.195437878,14.21,506.51
3130,202211,4,0,0,0,0,0,0,0,0,0,1,0,758.8099033,7.485,0.818374552,25305.6,137.7802208,0.899695419,0.630139313,0.565645567,1.745990704,0,0.655114429,7.126970451,29.01,930.69
3130,202209,4,0,0,0,0,0,0,0,0,0,1,0,773.598924,7.485,0.834324474,25798.8,140.4655239,0.917230264,0.642420575,0.576669862,1.780019639,0,0.667882451,7.265873374,17.12,930.96
3130,202111,4,0,0,0,0,0,0,0,0,0,1,0,877.508887,7.485,0.946391105,29264.1,159.3328812,1.040432818,0.728710636,0.654128274,2.019112234,0,0.757592556,8.241826946,37.07,957.71
3130,202206,4,0,0,0,0,0,0,0,0,0,1,0,1070.45883,7.485,1.154487128,35698.8,194.3675924,1.269207085,0.888942262,0.797960451,2.463082201,0,0.924174846,10.05407075,55.82,1443.12
3130,202106,4,0,0,0,0,0,0,0,0,0,1,0,675.7101196,7.485,0.728751647,22534.3,122.6914529,0.801166796,0.561130671,0.503699849,1.554781484,0,0.58337068,6.346472331,42.56,1885.68
3130,202011,4,0,0,0,0,0,0,0,0,0,1,0,0.896576888,7.485,0.000966956,29.9,0.162795136,0.001063041,0.000744545,0.000668342,0.002062987,0,0.000774055,0.008420919,18.31,862.69
3130,202208,1,0,0,0,0,0,0,0,0,0,1,0,20.76887174,7.485,0.022399175,692.622432,3.771089072,0.024624954,0.017247116,0.015481902,0.047788329,0,0.017930693,0.195067479,9.254,39.954
3130,202204,1,0,0,0,0,0,0,0,0,0,1,0,29.42004912,7.485,0.031729448,981.1311,5.341918769,0.034882364,0.024431323,0.021930816,0.067694336,0,0.02539964,0.276321935,4.133,114.733
3130,202206,1,0,0,0,0,0,0,0,0,0,1,0,27.63046066,7.485,0.029799382,921.45,5.016975865,0.032760509,0.022945193,0.020596789,0.063576565,0,0.023854609,0.259513583,24.325,146.065
3130,202201,2,1,0,0,0,0,0,0,0,1,1,0,8.166346327,7.485,0.008807384,272.340006,1.482796937,0.009682563,0.006781588,0.006087503,0.018790431,0,0.007050371,0.076700777,16.864,203.744
3130,202202,2,1,0,0,0,0,0,0,0,1,1,0,10.85909348,7.485,0.011711505,362.140603,1.971730061,0.012875262,0.009017729,0.008094779,0.024986332,0,0.00937514,0.101991866,3.8,254.72
3130,202202,2,0,1,0,0,0,0,0,0,0,1,0,1.909846707,7.485,0.002059765,63.6916,0.346778686,0.002264441,0.001585996,0.001423672,0.00439448,0,0.001648856,0.017937854,0,0.15
3130,202207,2,0,1,0,0,0,0,0,0,0,1,0,0.019212563,7.485,2.07E-05,0.640721,0.003488504,2.28E-05,1.60E-05,1.43E-05,4.42E-05,0,1.66E-05,0.00018045,0,196.02
3130,202211,2,0,1,0,0,0,0,0,0,0,1,0,16.21415943,7.485,0.01748693,540.72704,2.944071311,0.019224584,0.013464742,0.012086647,0.037308121,0,0.013998407,0.152288254,7.584,231.584
3130,202109,4,0,1,1,0,0,0,0,0,0,1,0,275.4991627,7.485,0.297125147,9187.6392,50.02351091,0.326650105,0.228783062,0.205367483,0.633912361,0,0.237850713,2.587570857,11.482,531.482
3130,202208,4,0,1,1,0,0,0,0,0,0,1,0,378.1951935,7.485,0.407882555,12612.4557,68.67044967,0.44841334,0.314065036,0.281920984,0.870211748,0,0.326512777,3.552122814,66.474,1127.894
3130,202207,4,0,1,1,0,0,0,0,0,0,1,0,541.8661891,7.485,0.584401308,18070.7302,98.38886243,0.642472543,0.449982514,0.403927527,1.246812047,0,0.467817246,5.089369948,11.81,1199.503
3130,202204,4,0,1,1,0,0,0,0,0,0,1,0,491.5269171,7.485,0.530110531,16391.9626,89.24855472,0.582786959,0.408179219,0.366402732,1.130983431,0,0.424357108,4.616568391,57.117,1216.577
3130,202107,4,0,1,1,0,0,0,0,0,0,1,0,420.926204,7.485,0.453967841,14037.4949,76.42929418,0.499078064,0.349550194,0.313774294,0.968534064,0,0.363404364,3.953465294,127.548,1409.2805
3130,202111,4,0,1,1,0,0,0,0,0,0,1,0,487.9807007,7.485,0.526285946,16273.6996,88.60465368,0.578582329,0.405234331,0.363759249,1.122823732,0,0.421295501,4.583261261,34.336,1434.989
3130,202107,5,0,1,0,0,0,0,0,0,0,0,0,2537.788,7.485,1.183185344,36586.2,199.1991778,1.300757008,0.911039569,0.817796134,2.524309445,0,0.947147965,39.5551,0,19.354
3130,202112,5,0,1,0,0,0,0,0,0,0,0,0,3451.8196,7.485,1.000527699,30938.1,168.447231,1.099948898,0.770395212,0.691546501,2.134611904,0,0.80092927,23.396443,1.35,33.26
3130,202110,5,0,1,0,0,0,0,0,0,0,0,0,1398.7,7.485,0.766540542,23702.8,129.0535304,0.842710727,0.590227701,0.529818845,1.635403565,0,0.613620949,10.85349,0,46.792
3130,202111,5,0,1,0,0,0,0,0,0,0,0,0,1043.220261,7.485,0.947448612,29296.8,159.5109214,1.041595408,0.729524904,0.654859204,2.021368411,0,0.758439097,28.768913,2.9,221.658
3130,202211,5,0,1,0,0,0,0,0,0,0,0,0,814.985,7.485,1.340077981,41437.6,225.6133693,1.473239871,1.031845156,0.926237464,2.859037699,0,1.072741594,63.3748,4.46,326.565
3130,202201,5,0,1,0,0,0,0,0,0,0,0,0,1219.62776,7.485,0.862576402,26672.4,145.2219731,0.948289552,0.664174246,0.59619708,1.840294735,0,0.690498313,5.45044,1.16,399.85
3130,202109,3,0,0,0,0,0,0,0,0,1,1,0,160.024,7.477777778,0.173323255,5359.464,29.18042383,0.190546172,0.13345698,0.119797873,0.369782749,0,0.138746451,1.50941853,28.94,115.0086
3130,202011,3,0,0,0,0,0,0,0,0,1,1,0,518.74,7.277333333,0.844654732,26118.23,142.2047095,0.928587027,0.650374759,0.583809948,1.802059101,0,0.676151893,7.355836393,32.38,160.193
3130,202210,3,0,0,0,0,0,0,0,0,1,1,0,49.735,7.319677419,0.183624342,5677.992,30.91469839,0.201870866,0.141388704,0.126917797,0.391759976,0,0.146992543,1.599127513,29.75,169.64
3130,202003,3,0,0,0,0,0,0,0,0,1,1,0,120.5968,7.09516129,0.189545993,5861.1,31.91165798,0.208380944,0.145948309,0.131010734,0.404393736,0,0.151732865,1.650697336,35.11,186.62
3130,202209,3,0,0,0,0,0,0,0,0,1,1,0,54.9357,7.397666667,0.199908688,6181.533,33.6563046,0.219773367,0.153927469,0.13817324,0.426502401,0,0.160028273,1.740942836,41.48,191.402
3130,202006,4,1,1,0,0,0,0,0,0,1,1,0,2.66,7.163333333,0.003012116,93.14,0.507115017,0.003311426,0.002319296,0.00208192,0.006426308,0,0.00241122,0.026231586,0,2.209
3130,202209,4,1,1,0,0,0,0,0,0,1,1,0,66.317,7.759,0.070447653,2178.367,11.86045327,0.077447949,0.05424391,0.048692133,0.150299085,0,0.056393828,0.613506783,0,3.057
3130,202106,4,1,1,0,0,0,0,0,0,1,1,0,15.795,6.897,0.018810267,581.647,3.16686631,0.02067942,0.014483697,0.013001314,0.040131443,0,0.015057748,0.163812792,0,5.25
3130,202003,4,1,1,0,0,0,0,0,0,1,1,0,7.609,6.935483871,0.00454078,140.409,0.764478338,0.004991991,0.00349635,0.003138504,0.00968769,0,0.003634925,0.039544243,0,11.195
3130,202208,1,0,0,1,0,0,0,0,0,0,1,0,4.59862982,7.485,0.004959611,153.36,0.834992044,0.005452441,0.003818845,0.003427992,0.01058126,0,0.003970202,0.043191712,0.262,0.262
3130,202209,1,0,0,1,0,0,0,0,0,0,1,0,0.588922077,7.485,0.000635151,19.64,0.106932993,0.000698265,0.000489059,0.000439005,0.001355086,0,0.000508443,0.005531333,0.074,1.174
3130,202207,3,0,1,0,0,0,0,0,0,1,1,0,1.224022361,7.485,0.001320105,40.82,0.222250751,0.001451282,0.001016466,0.000912433,0.002816426,0,0.001056753,0.011496386,0.826,0.826
3130,202201,3,0,1,0,0,0,0,0,0,1,1,0,1.799450805,7.485,0.001940703,60.01,0.32673365,0.0186,0.00149432,0.001341379,0.004140463,0,0.001553546,0.016900982,1.4535,1.4535
3130,202210,3,0,1,0,0,0,0,0,0,1,1,0,1.344865333,7.485,0.001450434,44.85,0.244192705,0.001594562,0.001116818,0.001002513,0.00309448,0,0.001161082,0.012631379,1.89,1.94
3130,202111,3,0,1,0,0,0,0,0,0,1,1,0,6.78,7.295384615,6.11E-05,1.89,0.010290395,6.72E-05,4.71E-05,4.22E-05,0.000130403,0,4.89E-05,0.08,2.09,2.09
3130,202206,2,0,0,1,0,0,0,0,0,0,0,0,90.66551323,8.047333333,0.097782526,3023.61,16.46250843,0.107499054,0.163,0.044,0.155,0,0.18,0.851557723,5.5,5.5
3130,202203,2,0,0,1,0,0,0,0,0,0,0,0,89.30535511,7.749354839,0.096315599,2978.25,16.21553896,0.10588636,0.05,0.02,0.08,0,0.12,0.83878271,13.45,13.45
3130,202209,3,0,1,0,0,0,0,0,0,0,1,0,62.61045294,7.485,0.067525214,2088,11.36843628,0.074235111,0.051993665,0.046672197,0.144064104,0,0.054054396,0.588056173,39.93,57.24
3130,202209,1,0,0,0,0,0,0,0,0,0,1,0,8.665910393,7.485,0.009346162,289,1.573504829,0.010274879,0.007196441,0.006459897,0.019939907,0,0.007481667,0.081392832,29.77,32.77
3130,202210,1,0,0,0,0,0,0,0,0,0,1,0,8.336066053,7.485,0.008990426,278,1.513613642,0.009883794,0.006922528,0.006214019,0.019180949,0,0.007196898,0.078294835,40.811,43.361
3130,202211,4,0,1,0,0,0,0,0,0,1,1,0,3.177,7.485,0.005759694,178.1,0.969692769,0.006332027,0.0044349,0.003980995,0.012288226,0,0.004610674,0.050159389,0,4.386
3130,202210,4,0,1,0,0,0,0,0,0,1,1,0,1.217,7.485,0.001253065,38.747,0.210963985,0.00137758,0.000964846,0.000866096,0.002673396,0,0.001003087,0.010912554,0,4.98
3130,202204,4,0,1,0,0,0,0,0,0,1,1,0,5.31,7.485,0.007468554,230.941,1.257393698,0.008210695,0.005750704,0.005162128,0.015934056,0,0.005978629,0.065041322,0,5.31
3130,202207,4,0,1,0,0,0,0,0,0,1,1,0,15.335,7.485,0.011864096,366.859,1.997420098,0.013043017,0.009135222,0.008200247,0.025311884,0,0.00949729,0.103320737,0,73.805
3130,202206,2,0,0,0,0,0,0,0,0,0,1,0,37.84151187,7.485,0.040811974,1261.979,6.871038239,0.04486741,0.031424767,0.028208492,0.087071779,0,0.032670265,0.355418842,11.01,241.95
3130,202203,2,0,0,0,0,0,0,0,0,0,1,0,146.4874698,7.485,0.157986364,4885.22,26.59832963,0.173685273,0.121647745,0.109197294,0.337061706,0,0.126469165,1.3758543,14.93,292
3130,202204,4,0,1,0,0,0,0,0,0,0,1,0,1.051693686,7.485,0.001134249,35.073,0.190960328,0.001246958,0.000873359,0.000783972,0.002419904,0,0.000907974,0.009877823,5.6555,160.5955
3130,202212,2,0,0,0,0,0,0,0,0,0,1,0,17.07470412,7.485,0.018415025,569.4254,3.100323934,0.020244903,0.014179365,0.012728129,0.039288199,0,0.014741354,0.160370748,0.88,15.88
3130,202112,2,0,0,0,0,0,0,0,0,0,1,0,23.57772323,7.485,0.025428515,786.295,4.281103737,0.027955315,0.019579674,0.017575726,0.054251382,0,0.0203557,0.221449056,1.63,40.7
3130,202207,4,0,0,0,0,0,0,0,0,0,1,0,10.47072867,7.485,0.011292654,349.189,1.901213072,0.012414791,0.008695218,0.007805277,0.024092721,0,0.009039847,0.098344228,1.096,161.976
3130,202206,4,0,0,0,0,0,0,0,0,0,1,0,25.91092215,7.485,0.027944864,864.105,4.704752217,0.03072171,0.021517235,0.01931498,0.059619977,0,0.022370055,0.243363161,9.776,235.906
3130,202107,4,0,1,0,0,0,0,0,0,0,1,0,1.502890757,7.485,0.001620864,50.12,0.272886028,0.001781927,0.001248047,0.001120312,0.00345809,0,0.000638763,0.014115601,106.799,108.621
3130,202209,4,0,1,0,0,0,0,0,0,0,1,0,12.20058231,7.485,0.013158297,406.878,2.215309682,0.014465821,0.010131743,0.009094775,0.028073043,0,0.005,0.114591532,264.64,264.64
3130,202204,4,0,1,1,0,0,0,0,0,0,1,0,76.92494766,7.485,0.082963361,2565.375,13.96757769,0.091207327,0.063880866,0.057342762,0.177001174,0,0.066412738,0.722502206,0,475.3
3130,202209,4,0,1,1,0,0,0,0,0,0,1,0,97.37718586,7.485,0.105021047,3247.438,17.68117431,0.115456859,0.08086504,0.072588633,0.224060941,0,0.084070067,0.914595768,0,533.476
3130,202208,4,0,1,1,0,0,0,0,0,0,1,0,99.23250031,7.485,0.107021999,3309.311,18.01805135,0.117656643,0.08240575,0.073971654,0.228329944,0,0.085671843,0.932021438,0,557.578
3130,202211,1,0,1,1,0,0,0,0,0,0,1,0,5.56873201,7.485,0.006005863,185.712,1.01113747,0.006602659,0.004624448,0.004151143,0.012813426,0,0.004807735,0.052303203,0,13.25
3130,202212,1,0,1,1,0,0,0,0,0,0,1,0,7.040617399,7.485,0.007593288,234.798,1.278393726,0.008347824,0.005846747,0.005248342,0.016200174,0,0.006078479,0.066127593,0,48.82
3130,202210,4,1,1,1,0,0,0,0,0,1,1,0,5654.504732,7.111935484,6.098368984,188572.44,1026.711575,6.704356363,4.695676363,4.215081438,13.01078525,0,4.881786104,53.10880626,51.915,385.413
3130,202212,4,1,1,1,0,0,0,0,0,1,1,0,17.86020143,7.044193548,0.019262182,595.621,3.242949896,0.021176241,0.014831666,0.013313669,0.041095597,0,0.015419508,0.167748375,41.426,438.336
3130,202207,4,1,1,1,0,0,0,0,0,1,1,0,61.38520116,7.05516129,0.066203783,2047.139,11.14596229,0.072782371,0.050976178,0.045758848,0.14124485,0,0.052996582,0.576548241,36.002,403.722
3130,202206,4,0,0,0,0,0,0,0,0,0,1,0,157.4441491,7.485,0.169803115,5250.615,28.58777875,0.18667624,0.130746512,0.117364817,0.362272579,0,0.135928555,1.478762723,100.37,100.37
3130,202202,4,0,0,0,0,0,0,0,0,0,1,0,38.0503933,7.485,0.041037252,1268.945,6.908965695,0.045115073,0.031598228,0.028364201,0.087552406,0,0.032850601,0.357380719,178.99,178.99
3130,202212,1,0,1,0,0,0,0,0,0,0,0,0,1.324325026,7.485,0.001428281,44.165,0.240463117,0.001570208,0.001099761,0.000987202,0.003047218,0,0.001143349,0.012438458,5.156,224.776
3130,202207,1,0,1,0,0,0,0,0,0,0,0,0,8.389021062,7.485,0.009047538,279.766,1.5232289,0.009946581,0.006966504,0.006253493,0.019302796,0,0.007242616,0.078792205,16.046,225.346
3130,202205,1,0,1,0,0,0,0,0,0,0,0,0,0.272091595,7.485,0.00029345,9.074,0.049404785,0.00032261,0.000225953,0.000202827,0.000626072,0,0.000234909,0.002555566,14.124,273.68
3130,202205,4,0,1,1,0,0,0,0,0,0,1,0,16.967,7.359354839,0.053,1381.043,3.953,0.019,0.034389601,0.056,0.095286744,0,0.035752608,0.044,36.582,81.402
3130,202107,4,0,1,1,0,0,0,0,0,0,1,0,2.603862,7.571951968,0.003,247.555,0.335,0.005,0.006164412,0.008,0.017080359,0,0.006408734,0.019191,17,86.98
3130,202106,4,0,1,1,0,0,0,0,0,0,1,0,0.199915866,7.113666667,0.000729518,22.558,0.048588529,0.000421462,0.000561721,0.000510564,0.001556417,0,0.000583984,0.001895297,22.61,128.73
3130,202212,2,0,1,1,0,0,0,0,0,0,1,0,5.434095548,7.485,0.005860658,181.222,0.986690976,0.006443025,0.004512642,0.00405078,0.012503633,0,0.004691497,0.051038657,28.8,210.38
3130,202204,2,0,1,1,0,0,0,0,0,0,1,0,47.55827635,7.485,0.05129148,1586.024,8.635350947,0.056388251,0.03949387,0.035451736,0.109429658,0,0.041059181,0.446681611,5.56,421.56
3130,202208,3,0,0,0,0,0,0,0,0,0,1,0,88.53261978,7.485,0.095482205,2952.48,16.07523024,0.104970154,0.073520237,0.065995559,0.203709955,0,0.076434159,0.831524948,62.46,62.46
3130,202203,3,0,0,0,0,0,0,0,0,0,1,0,94.70433723,7.485,0.102138387,3158.301,17.19585424,0.112287752,0.078645423,0.070596191,0.217910826,0,0.081762478,0.889491571,91.49,91.515
3130,202111,3,0,0,0,0,0,0,0,0,0,1,0,88.41855361,7.485,0.095359185,2948.676,16.05451878,0.10483491,0.073425513,0.06591053,0.203447493,0,0.07633568,0.830453604,136.56,136.56
3130,202107,4,0,1,0,0,0,0,0,0,1,0,0,79.80696918,7.570666667,0.111998071,3463.18,20.98405767,0.361247225,0.08623727,0.077411024,0.238946324,0,0.089655222,1.603297106,10,10
3130,202201,4,0,1,0,0,0,0,0,0,1,0,0,88.055141,7.991290323,0.095982765,2967.9582,26.970712,0.832612,0.073905663,0.066341537,0.204777892,0,0.07683486,0.997843,10.2,11.7
3130,202209,4,0,1,0,0,0,0,0,0,1,0,0,3.563626,7.531666667,0.017591529,543.96145,1.499943,0.035657,0.013545282,0.012158944,0.037531283,0,0.01408214,0.147212,21.4,21.4
3130,202202,4,0,1,0,0,0,0,0,0,1,0,0,26.012423,8.089642857,0.031063302,960.53268,9.476326,1.896155,0.023918398,0.021470388,0.066273123,0,0.024866386,1.139317,26.4,26.4
3130,202108,4,0,1,0,0,0,0,0,0,1,0,0,88.0386659,7.570666667,0.123550122,3820.39,23.14846011,0.398508101,0.095132221,0.085395591,0.263592463,0,0.098902718,1.768669324,30,32
3130,202211,2,0,0,0,0,0,0,0,0,0,1,0,0.016195357,7.14,1.75E-05,0.5401,0.002940657,1.92E-05,1.34E-05,1.21E-05,3.73E-05,0,1.40E-05,0.000152112,2.873,2.873
3130,202207,2,0,0,0,0,0,0,0,0,0,1,0,0.011670492,6.379677419,1.26E-05,0.3892,0.002119059,1.38E-05,9.69E-06,8.70E-06,2.69E-05,0,1.01E-05,0.000109613,3.835,3.835
3130,202110,2,0,0,0,0,0,0,0,0,0,1,0,2.766794297,7.622857143,0.002983981,92.27,0.502378168,0.003280495,0.002297632,0.002062473,0.006366281,0,0.002388697,0.025986563,4.808,4.808
3130,202112,2,0,0,0,0,0,0,0,0,0,1,0,2.347292268,6.82,0.002531549,78.28,0.426207467,0.002783106,0.001949264,0.00174976,0.005401024,0,0.002026522,0.022046474,13.339,13.339
3130,202203,5,1,0,1,0,0,0,0,0,0,0,0,29.05628779,7.485,0.031337133,969,5.275869134,0.034451065,0.024129244,0.021659655,0.066857336,0,0.025085589,0.272905379,0,33.54
3130,202003,5,1,0,1,0,0,0,0,0,0,1,0,530.695039,7.28483871,0.479112093,14815,80.66253996,0.526720869,0.368910989,0.00308,1.022178975,0,0.383532509,47.56238,64.46,7139.085
3130,202109,5,1,0,1,0,0,0,0,0,0,1,0,474.48,7.593,0.456603689,14119,76.8730612,0.501975832,0.351579767,0.001418194,0.974157607,0,0.365514377,6.19,47.59,8135.128
3130,202211,5,1,0,1,0,0,0,0,0,0,1,0,449.42036,7.9,0.462748224,14309,77.90754534,0.508730943,0.356310992,0.001437,0.987266889,0,0.37043312,3.149905,47.71,8898.052
3130,202203,5,1,0,1,0,0,0,0,0,0,1,0,467.781476,7.543709677,0.484868553,14993,81.63168826,0.533049341,0.373343399,0.001255,1.034460302,0,0.388140595,7.162416,109.73,8931.735
3130,202112,5,1,0,1,0,0,0,0,0,0,1,0,502.730843,7.883870968,0.505210201,15622,85.05637524,0.555412313,0.389006242,0.001047,1.077858924,0,0.404424223,13.021185,50,9059.302
3130,202202,4,0,1,0,0,0,0,0,0,0,1,0,10.64494645,7.485,0.011480548,354.999,1.932846508,0.012621356,0.008839894,0.007935145,0.024493589,0,0.009190257,0.099980533,0,303.39
3130,202203,4,0,1,0,0,0,0,0,0,0,1,0,3.962150186,7.485,0.004273169,132.134,0.719423831,0.004697788,0.003290293,0.002953536,0.009116746,0,0.003420701,0.037213704,0,585.67
3130,202212,4,0,1,0,0,0,0,0,0,0,1,0,4.48651273,7.485,0.004838693,149.621,0.814634485,0.005319507,0.00372574,0.003344416,0.010323283,0,0.003873407,0.042138675,0,682.64
3130,202205,4,0,1,0,0,0,0,0,0,0,1,0,5.557157472,7.485,0.00599338,185.326,1.009035834,0.006588935,0.004614836,0.004142515,0.012786793,0,0.004797742,0.052194492,0,706.34
3130,202208,4,0,1,0,0,0,0,0,0,0,1,0,3.75905603,7.485,0.004054132,125.361,0.682547194,0.004456986,0.003121637,0.002802142,0.008649435,0,0.003245361,0.035306183,0,828.96
3130,202212,1,0,0,0,0,0,0,0,0,0,1,0,0.119855088,8.541935484,0.000129263,3.997055,0.021762579,0.000142108,9.95E-05,8.93E-05,0.000275782,0,0.000103476,0.005883,0.5,0.5
3130,202207,1,0,0,0,0,0,0,0,0,0,1,0,5.837700759,7.641290323,0.006295945,194.681856,1.059975227,0.006921566,0.004847808,0.004351643,0.013432312,0,0.005039947,0.169687,0.22,5.98
3130,202011,5,0,1,1,0,0,0,0,0,0,0,0,399.41,8.027666667,1.160484842,35884.26,46.1101,0.93,0.893560435,0.802105961,2.47587824,0,0.928976057,1.54,0,105.18
3130,202001,5,0,1,1,0,0,0,0,0,0,0,0,592.85,8.080645161,1.605017752,49630.01,76.6693,1.0721,1.235845836,1.109359002,3.424283008,0,1.284827694,1.7162,0,108.315
3130,202006,5,0,1,1,0,0,0,0,0,0,0,0,1183.5,7.985666667,3.398316046,105081.99,341.4371266,2.16,2.616665599,2.348854082,7.25025993,0,2.72037525,2.99,0,192.31
3130,202207,5,0,1,1,0,0,0,0,0,0,0,0,2188.12,7.36516129,5.497742228,169999.99,949.3188,5.4764,4.233200433,3.799939176,11.72935644,0,4.400980275,7.69955,0,282.535
3130,202210,5,0,1,1,0,0,0,0,0,0,0,0,1436.943,6.976976744,5.354682235,165576.32,1073.4994,5.6738,4.123045828,3.701058718,11.42413993,0,4.286459772,24.59375,0,301.32
3130,202206,5,0,1,1,0,0,0,0,0,0,0,0,3526.72,7.124,7.182827161,222105.82,1712.754,7.0464,5.53069711,4.964639155,15.32446166,0,5.749902296,28.68046,0,303.621
3130,202212,5,0,1,1,0,0,0,0,0,0,0,0,5384.12,7.097717391,26.9955342,834750.04,5097.7115,20.2018,20.7862614,18.65882098,57.59459606,0,21.61010986,169.95057,0,309.067
3130,202204,3,0,1,1,0,0,0,0,0,0,1,0,29.27008689,7.485,0.031567714,976.13,5.314689513,0.034704559,0.024306789,0.021819029,0.067349279,0,0.025270171,0.274913445,4.92,4.92
3130,202210,3,0,1,1,0,0,0,0,0,0,1,0,31.60058709,7.485,0.034081153,1053.85,5.737847974,0.037467755,0.026242109,0.023556271,0.072711665,0,0.027282196,0.296802202,20.1,21.24
3130,202205,3,0,1,1,0,0,0,0,0,0,1,0,31.51962529,7.485,0.033993836,1051.15,5.72314741,0.037371761,0.026174876,0.023495919,0.072525375,0,0.027212298,0.296041785,13.5,80.52
3130,202210,4,0,1,0,0,0,0,0,0,1,1,0,581.2397,8.085555556,0.092663865,2865.3319,15.60073904,0.101871759,0.071350147,0.064047574,0.197697066,0,0.074178058,0.806980897,0,351.87
