"","process_1","process_2","process_3","process_4","process_5","process_6","Size","Wastewater","COD","NH3N","TN","TP","Cr","Cr6","HWsum"
"903","1","0","1","0","1","0","4",20000,1.6,0.2,0.22,0,0.002,0.002,12
"94","0","1","0","0","0","0","2",120905,6.9172,0.84,2.07,0.43,1.205,0.967,2
"819","0","0","1","0","1","0","4",20443,1.62,0.07,0.07,0.01,1.660842199,0.61154432,27.78
"4","1","0","0","0","0","0","1",6240,0.1786,0.0078,0.0357,0.007,0.3448,0.0799,1.95
"350","1","0","0","0","0","0","3",1120,0.0337,0.0045,0.0045,0.00121583,0.035847449,0.008924332,2
"16","0","0","1","0","0","0","2",82643.75867,7.212225495,0.582515856,0.787447532,0.081669251,5.930943776,3.906792316,18.442
"107","1","0","0","0","0","0","2",19511,1.71,0.048,0.24,0.0033,0.195,0.078,1.4
"834","1","0","0","1","0","0","4",17320.3096,3.150392885,0.205496401,0.252753807,0.094831865,1.407146754,0.518130262,10.37
"342","1","0","0","0","1","0","3",3390,0.1356,0.0169,0.0186,3e-04,0.108502546,0.027012041,25.24
"885","0","0","0","0","0","1","4",1160,0.075,0.0038,0.004,0.0084,0.094241401,0.034700945,5
"926","1","0","0","0","0","1","4",1340,0.11,0.007,0.007,0.012855391,0.438285693,0.266387485,0.194
"171","0","0","0","0","0","0","2",163037,16.146,0.49,0.49,0.161114523,11.70037878,7.707196636,6.7
"804","0","1","0","0","0","0","4",1400,0.042,0.0038,0.0042,0.2156,0.113739621,0.04188045,5.43
"271","1","0","0","1","0","0","3",20203,1.6,0.05,0.05,0,0,0,59.75
"627","0","1","0","1","0","0","3",45000,3.85,0.22,0.891,0.289074869,3.09,0.09,48.3
"579","0","1","0","0","0","0","3",28000,2.2288,0.0517,0.0568,0,0.6729,0.2255,59.239
"535","0","1","0","0","0","0","3",18195,1.41,0.12,0.24,0.004,0.74,0.07,33
"368","0","1","0","0","0","0","3",8100,0.422,0.0317,0.0349,0.008793058,0.0324,0.0324,25
"887","1","0","0","0","0","0","4",998,0.071,0.006,0.009,0.0011,0.081080101,0.029854778,2
"465","0","1","0","0","0","0","3",41809.58695,2.685226166,0.237770614,0.33756199,0.045386929,1.33818485,0.33314522,2.86
"485","1","0","1","1","0","0","3",9900,0.0913,0.0105,0.0287,0.3465,0.3465,0.0396,20
"488","0","0","0","0","0","1","3",22.4,3e-04,0,1e-04,0,3e-04,1e-04,0.93
"518","1","0","0","1","0","0","3",8586,0.384,0.037,0.05,0.005,0.021,0.015,13.974
"129","0","1","0","0","0","0","2",44000,3.82,0.22,2.73,0.022,0.376,0.376,9.85
"268","1","0","1","0","0","1","3",36000,0.96,0.075,0.0825,0.0355755,2.583546288,1.701816636,71.96
"708","0","0","0","1","0","0","3",44427,3.179,0.5331,0.6975,0.285393982,8.509793052,5.52807847,5
"558","0","0","1","0","0","0","3",9400,0.82,0.08,0.104,0.01020429,0.300862518,0.074900646,15
"348","0","0","0","1","0","1","3",39828,3.15,0.28,0.28,0.043235792,1.274760889,0.31735563,21.5
"224","1","0","0","0","0","0","3",4895,0.975,0.034502486,0.046640614,0.00483728,0.035,0.035,15.24
"128","0","0","1","0","1","0","2",102000,11.1,0.5,4.1,0.035,3.5,3.5,62.06
"79","0","0","0","0","0","0","2",145188,5.3545,0.097,1.2608,6e-04,0.9437,0,7.48
"692","0","0","0","0","0","1","3",7500,0.54,0.06,0.06,0.048179145,1.43659144,0.933229534,16.16
"352","1","0","0","0","0","0","3",560,0.0168,0.005,0.0055,0.000607915,0.017923724,0.004462166,3
"746","1","0","0","0","0","0","3",29813,0.0034,0.0034,0.0037,0.191515313,5.710546745,3.709649615,3.5
"469","0","1","0","0","0","0","3",2015,0.1357,0.0018,0.0018,0.0012,0.0625,0,2.55
"86","0","0","0","1","0","1","2",216000,6.48,0.0264,0.8872,0.0097,6.318,0,8.151
"140","0","0","1","0","0","1","2",57980,5.733,0.42,1.993,0.057296319,6.93,6.93,52.88
"459","1","0","0","0","0","0","3",41809.58695,2.685226166,0.237770614,0.33756199,0.045386929,1.33818485,0.33314522,13.8
"205","0","0","0","0","0","0","2",20790,0.6029,0.0416,0.0416,0.020544851,1.491997981,0.982799107,6.428
"812","1","0","0","0","1","0","4",6253,0.49,0.01,0.01,1e-04,1e-04,1e-04,66
"353","1","0","0","0","0","0","3",2000,0.0884,0.004,0.0044,0.002171125,0.064013302,0.015936308,20
"737","0","0","1","0","0","0","3",2162.5,0.22,0.022,0.0242,0.013891653,0.414217198,0.269081182,1
"735","1","0","0","0","0","0","3",173,0.017,0,0.003148498,0.001111332,0.033137376,0.021526495,0.22
"540","1","1","0","0","1","0","3",18195,1.4,0.12,0.24,0.004,0.74,0.07,35
"306","0","1","0","0","0","0","3",6580,0.202,0.0132,0.0132,0.0025,0.472214849,0.311054263,28.92
"145","0","0","0","1","0","0","2",24000,2.8593,0.35,0.35,0.023717,30,30,9.2
"850","1","0","1","0","0","0","4",14289,0.639,0.061,0.084,0.009,0.036,0.024,22.199
"83","0","0","0","0","0","1","2",102000,10.0708,0.3846,2.805,0.0925,2.21,1.088,3.92
"160","0","0","1","0","1","0","2",6000,0.72,0.135,0.135,0.00592925,0.005,0.005,60
"725","0","0","1","0","0","0","3",49500,36.073,1.148,2.678,0.317982356,0.0015,2e-04,1.52
"305","0","0","0","0","0","1","3",2684,0.0975,0.0065,0.0072,0.01,0,0,34.5
"605","1","0","0","0","0","0","3",11200,3.54,0.05,0.05,0.002,1.7397,0.207,9
"339","0","1","0","0","1","0","3",17328,1.37,0.13,0.13,0.0048,0,0,56.68
"175","0","1","0","0","0","0","2",82643.75867,7.212225495,0.582515856,0.787447532,0.081669251,5.930943776,3.906792316,7
"659","0","0","0","0","0","0","3",8183,0.6546,0.053,0.0998,0.0011,1.567417033,1.018215637,6.84
"265","0","1","0","0","1","0","3",28380,2.24,0.24,0.24,0.028045353,2.036695657,1.341598781,72
"370","0","0","0","1","0","0","3",75759,5.99,0.06,0.06,0.0058,2.424791859,0.603659365,11.226
"472","0","0","1","0","0","0","3",60000,4.7232,0.3542,0.9896,0.0026,2.772,0.936,4.69
"512","0","0","0","0","0","0","3",26457,1.183,0.112,0.155,0.016,0.066,0.045,37.187
"440","0","0","0","0","0","0","3",1214,0.0374,0.0012,0.0012,0.001317873,0.318,0.0941,1.2
"784","0","0","0","0","0","0","3",2450,0.081,0.02,0.02,0.013414198,0.199044337,0.073290788,1
"615","1","0","1","0","0","0","3",4200,0.32,0.04,0.06,0.001,0.0011,0.0011,21
"134","1","0","0","1","0","0","2",57000,6.8775,0.18,1.89,0.056327875,4.114,0.114,34.66
"369","0","1","0","0","1","0","3",17440,0.9689,0.06,0.062,6e-04,0.1937,0.1937,52.894
"510","0","0","1","0","0","0","3",23420,1.047,0.1,0.138,0.014,0.059,0.04,25.426
"176","0","0","0","1","0","0","2",11742,1.1,0.27,0.28,7e-04,0.842666681,0.555075859,50.05
"357","0","0","1","0","0","0","3",3562,0.039,0.003,0.0033,0,0.11400769,0.028382564,4
"222","1","0","1","0","1","0","3",1288,0.019,0.002,0.0022,0.013,0.18,0.005,40.927
"149","0","1","0","0","0","0","2",24371,9.3135,0.89,1.8,0.1,8.5,8.5,18.5
"390","0","1","0","0","0","1","3",38000,3,0.37,0.37,0.041251384,1.216252731,0.302789845,15
"783","0","1","0","0","0","0","3",16200,0.9,0.052,0.052,0.088697965,6.1,3.2,1
"626","1","0","0","0","1","0","3",21200,1.8,0.1,0.234,0.136186383,0.0225,0.0225,38.04
"917","1","0","0","0","0","0","4",1600,0.2323,0.0232,0.0255,0.015349721,0.523326201,0.318074609,0.872
"714","1","0","0","0","1","0","3",21600,3.967,0.32,0.32,0.138755937,0.01,0.01,24.235
"862","0","0","0","1","1","1","4",19696,0.881,0.084,0.116,0.012,0.049,0.033,30.675
"182","0","0","0","0","0","1","2",10850,0.1736,0.0049,0.0049,0.01072206,0.778652145,0.512908625,0.469
"443","0","0","0","0","0","1","3",139600,8.319,0.061,0.159,0.151544557,0.0098,1.112354273,3
"898","0","0","1","0","1","0","4",1254,0.039,0.0038,0.0038,0.012030344,1e-04,1e-04,2.75
"557","1","1","0","0","0","0","3",8745,1.3467,0.049732709,0.070605328,0.009493246,0.0077,0.0046,4
"293","0","1","0","1","0","0","3",25253,2,0.06,0.06,0.024955225,1.812285956,1.193777097,17.7
"611","0","0","1","0","0","1","3",17637,1.47,0.12,0.22,0.008,1.523,1.523,2.36
"282","1","0","0","0","1","0","3",27057,2.14,0.06,0.06,0.026737953,1.941750331,1.27905702,60.4
"193","1","0","0","0","0","0","2",36000,0.8262,0.1188,0.1188,0.0355755,2.583546288,1.701816636,2
"768","0","1","0","0","1","0","3",12387,9.073,0.68,0.748,0.067821092,1.006351921,0.370552242,6.752
"759","0","0","0","1","0","1","3",53125,1.7219,0.2137,0.2137,0.341268943,15.754,0.1628,16.932
"389","0","0","0","1","0","0","3",13905,0.15,0.011,0.0121,0.021,0.55,0.55,26.5
"794","0","0","1","0","0","0","3",1308,0.0287,0.0033,0.0033,0.007161539,0.106265303,0.039128307,1.53
"511","0","0","1","0","0","1","3",27159,1.214,0.115,0.159,0.016,0,0,42.443
"429","0","0","1","0","0","0","3",4059,0.3592,0.0373,0.0373,0.004406299,0.129914996,0.032342736,4.11
"397","0","1","0","0","0","0","3",2743,0.03,0.01,0.01,0.002977699,0.087794243,0.021856646,1.313
"920","0","0","0","0","0","0","4",2595,0.26,0.026,0.0286,0.024895329,0.848769682,0.515877257,0.3
"620","1","0","0","0","0","0","3",39000,3.1,0.15,0.18,0.012,1.078,0.78,38.53
"811","1","1","0","0","0","0","4",11030,0.33,0.03,0.033,0.060391268,0.896105731,0.32995812,46.9
"259","0","0","1","0","1","0","3",21646,1.71,0.04,0.04,0.021390758,6.25,0.89,10
"729","1","0","1","0","1","0","3",42000,3.408,0.042,0.0462,0.269803211,0.32,0.32,36
"473","0","0","0","0","0","0","3",31080,0.3886,1.1827,1.7078,0.0113,2.2378,0,2.82
"701","0","1","0","0","0","1","3",48000,1.2,0.09,0.099,0.308346527,9.194185214,5.97266902,5
"878","0","0","0","0","0","0","4",2146,0.31,0.01,0.01,0.006,0.1813,0.064196748,10
"513","1","0","0","0","1","0","3",13820,0.618,0.059,0.081,0.008,0.035,0.023,17.143
"482","1","0","0","0","1","0","3",41809.58695,2.685226166,0.237770614,0.33756199,0.045386929,1.33818485,0.33314522,21.34
"845","1","0","0","0","0","0","4",2693,0.12,0.011,0.016,0.002,0,0,4.347
"225","0","0","0","0","0","0","3",21317.4,6.9,0.150256035,0.203116778,0.021066032,0.023,0.023,8
"109","1","0","1","0","0","1","2",100926,10.8949,0.25,1.23,0.017,1.01,0.403,11.275
"245","0","1","0","0","0","0","3",11905,0.94,0.08,0.08,0.01176462,0.854364404,0.562781307,33.2
"73","0","0","1","0","0","0","2",7000,0.2464,0.0469,0.1646,0.006917458,0.502356223,0.33090879,44.62
"345","0","1","0","0","0","0","3",1600,0.088,0.004,0.0044,0.0017369,0.051210641,0.012749046,2.9
"815","0","0","0","0","0","0","4",8658,0.68,0.06,0.06,0.047404134,0.703398315,0.259000671,10
"525","1","1","0","0","0","0","3",21877,0.978,0.093,0.128,0.013,0,0,33.258
"857","1","0","1","0","0","0","4",33315,1.49,0.142,0.196,0.02,0.083,0.057,47.143
"901","0","0","1","0","1","0","4",5629.274839,1.715624635,0.666030654,1.183476334,0.054004873,1.841216885,1.119080871,9.28
"333","0","0","0","1","0","0","3",4000,0.13,0.016,0.016,0.004342251,0.128026603,0.031872615,0.5
"643","0","1","0","0","1","0","3",27000,2.3,0.13,0.4001,0.173444921,0.56,0.56,34.05
"921","1","1","0","0","1","0","4",5190,0.52,0.052,0.0572,0.049790657,1.697539364,1.031754513,0.9
"280","0","0","0","1","0","0","3",26095,2.06,0.05,0.05,0.025787297,1.872712233,1.233580698,0.51
"371","1","0","1","0","1","0","3",23449,1.85,0.08,0.08,0,0,0,56.2
"889","0","0","0","1","0","0","4",3200,0.23,0.0187,0.0204,7e-04,0.25,0.25,5
"654","0","0","1","0","1","0","3",16323.53,1.2741,0.1667,0.1667,5e-04,3.126699128,2.031146707,72.77
"146","1","0","0","0","1","0","2",88000,16.3893,1.27,1.27,0.086962334,0.72,0.72,13.5
"186","0","0","0","0","0","0","2",13671.87,1.3625,0.1363,0.1363,0.013510656,0.981164138,0.646305995,1.59
"655","0","0","0","0","1","0","3",8950,0.7021,0.0863,0.3105,1e-04,0.021,0.019,46.58
"188","0","0","0","0","0","0","2",47992,8.5797,0.6839,0.7523,0.047426095,3.444154262,2.268710667,21.987
"343","0","1","0","0","1","0","3",38926,3.08,0.23,0.23,0.016,2.268,0.310168356,51.39
"552","0","1","0","0","0","1","3",41471.3,4.864,0.331,0.35,0.003,0.58,0.16,28.5
"668","0","1","0","0","0","1","3",28400,1.54,0.114,0.114,0.182438362,0.682,0.682,48
"278","0","1","0","0","0","1","3",84485,6.67,0.57,0.57,0.083488781,6.063080781,3.993832736,19.15
"566","1","0","0","0","0","0","3",76564,4.686,0.53,1.317,0.028,0.766,0.613,1.58
"223","0","0","0","1","0","0","3",18500,5.3482,0.130397546,0.176271984,0.018281854,10.15,10.15,3.4
"861","1","0","0","1","0","0","4",19260,0.861,0.082,0.113,0.012,0.048,0.033,29.782
"853","0","0","0","1","1","0","4",16087,0.719,0.068,0.094,0.01,0.04,0.027,33.932
"570","0","0","0","0","0","0","3",51628,6.2744,0.129,0.629,0.008,0.51,0.21,3.593
"806","0","1","0","1","0","0","4",38637,3.05,0.3,0.3,0.211544645,0.93,0.93,52
"546","0","1","0","1","0","1","3",90000,8.73,0.562,0.63,0.01,2.7,0.36,67.5
"841","0","0","0","0","1","0","4",3172,0.142,0.013,0.019,0.002,0,0,5.057
"531","1","0","1","0","1","0","3",35350,3.498,0.229,0.32,0.009,0.35,0.14,32
"839","0","1","0","0","1","0","4",13866,0.62,0.059,0.081,0.008,0.035,0.024,21.328
"767","0","1","0","0","0","0","3",29173,5.1734,0.002,0.019,0.972,0.2172,0.2172,0.5
"712","1","0","0","1","0","0","3",4200,0.035,0.45,0.495,0.026980321,0.804491206,0.522608539,51.5
"373","0","0","0","0","1","0","3",5382,0.1953,0.0506,0.0557,0.005842499,0.172259795,0.042884604,36
"365","1","0","1","0","0","1","3",23329,1.84,0.17,0.17,0.0042,2.1151,1.0575,53.3
"912","1","0","0","0","0","0","4",432.5,0.0433,0.0043,0.0047,0.004149221,0.141461614,0.085979543,0.5
"704","0","1","0","1","0","0","3",32000,1.69,0.006,0.0066,0.205564351,6.129456809,3.981779347,21.32
"303","1","0","0","0","1","0","3",41848,3.31,0.14,0.14,0.041354543,3.003229029,1.978267294,74.9
"634","1","0","1","0","1","0","3",23500,1.94,0.14,0.65,0.96,11.6,11.6,28.89
"347","1","0","1","0","0","0","3",17437,1.38,0.04,0.04,0.018928957,0.55809997,0.138940698,13.8
"490","0","1","0","1","0","0","3",150000,8,0.5,1.04,0.02,0,0,18.19
"313","1","0","0","0","1","0","3",21285,1.68,0.07,0.07,0.021034014,1.527521743,1.006199086,50
"130","0","0","0","1","0","0","2",30000,2.5,0.09,0.1,0.05,2.06,0.06,32.523
"596","1","0","0","1","0","0","3",1e+05,3.9576,0.315,0.346,0,0.4,0.4,5.09
"508","0","0","0","1","0","0","3",30310,1.313,0.14,0.196,0.048,0.082,0.055,24.878
"650","0","0","0","1","0","0","3",11000,0.868,0.082,0.3635,0.070662746,5.56,0.346,5.53
"793","0","0","0","0","1","1","3",17320.3096,3.150392885,0.205496401,0.252753807,0.094831865,1.407146754,0.518130262,24.37
"683","0","0","0","0","1","0","3",29700,22.228,0.689,1.604,0.190789414,28.33,26.908,1.53
"340","1","1","0","1","0","0","3",24051,1.9,0.1,0.1,0.026108869,0.769791959,0.191642067,56
"595","0","0","1","0","0","0","3",71660,8.0036,0.205,0.225,0,0.1476,0.1146,9.34
"873","0","0","0","1","0","1","4",23171,3.3,0.34,0.34,0.02,0.05,0.0211,51.77
"14","0","0","1","0","1","0","2",7600,0.155,0.006,0.0066,0.007510383,0.007,0.002,41
"610","1","0","0","1","0","0","3",42076,6.3,0.3,0.3,0.09,0.6872,0.1335,11.53
"316","0","0","1","0","0","1","3",35475,2.8,0.34,0.34,0.0014,0,0,38.61
"625","0","0","1","1","0","0","3",40900,3.8,0.18,0.661,0.262736937,7.834211984,5.089211728,25.75
"254","0","0","1","0","0","1","3",16354,1.29,0.12,0.12,0.016161159,1.173647666,0.77309748,21.5
"779","0","0","0","0","1","0","3",1687.2,0.3028,0.0215,0.0215,0.009237729,0.137072492,0.050471926,4.998
"792","0","0","1","0","0","0","3",3976,0.39,0.049,0.049,0.021769328,0.323020525,0.118940479,0.56
"400","0","0","1","0","1","0","3",9620,0.76,0.09,0.09,0,0.307903981,0.07665364,58.8
"775","1","1","0","0","0","0","3",14085,57.386,5.1867,5.1867,0.077117953,1.144301833,0.421347246,30.81
"214","0","1","0","0","0","0","3",35640,1.001,0.101,0.368,0.003,0.693,0.217,1
"868","0","1","0","0","0","0","4",17100,1.03,0.1,0.13,0.004,0.07,0.068,20
"474","0","0","0","0","1","0","3",11600,0.4185,0.065969059,0.09365601,0.012592528,0.371277149,0.092430584,1.47
"769","0","0","0","0","0","0","3",2118,0.1568,0.008,0.008,0.011596438,0.172071799,0.063359139,1.2
"574","0","0","0","0","0","0","3",50044,5.3793,0.125,0.61,0.008,0.5,0.2,3.623
"831","0","0","0","0","1","0","4",880,0.0184,0.001,0.0011,0.004818161,0.071493476,0.026324855,0.255
"696","1","0","0","0","0","0","3",9600,0.476,0.077,0.077,0.061669305,1.838837043,1.194533804,13.39
"893","0","0","1","1","0","0","4",4290,1.0853,0.0579,0.0579,0.041156439,0.689,0.0899,19.86
"173","0","1","0","0","0","0","2",10720,0.145,0.103,0.113,0.010593593,0.769322672,0.506763176,69.29
"258","0","1","0","1","0","0","3",20804,1.64,0.02,0.02,0.02,0,0,15
"705","1","0","0","0","1","0","3",20000,0.72,0.036,0.0396,0.12847772,3.830910506,2.488612092,38
"774","0","0","0","0","0","0","3",141022,7.7049,0.7378,0.7378,0.772121257,86.5,0.89,4.41
"765","0","1","1","0","0","0","3",5348,0.126,0.001,0.001,0.178,0.0316,0.0316,19.9
"693","0","1","0","1","0","0","3",24000,1.92,0.24,0.264,0.154173264,4.597092607,2.98633451,20.33
"187","1","0","1","0","0","1","2",178000,18.1784,1.169,1.235,0.0053,0.623,8.414537811,30
"894","0","1","0","1","0","0","4",1348,0.1078,0.0067,0.0103,0.01293214,0.440902324,0.267977858,3.5
"686","0","0","0","0","0","0","3",56100,40.275,1.301,3.037,0.360380004,53.519,0.246,2
"207","1","0","0","0","0","0","2",16006,2.8531,0.2323,0.2323,0.015817263,1.148673386,0.756646585,8.722
"682","0","0","1","0","0","0","3",712,0.0355,0.0014,0.0015,0.004573807,0.136380414,0.08859459,0.65
"802","0","0","0","0","0","0","4",1080,0.0152,9e-04,0.001,0.005913198,0.0648,0.0605,0.2
"266","0","1","0","0","0","0","3",4930,0.39,0.04,0.04,0.004871867,0.353802311,0.233054334,10
"75","0","1","0","1","0","0","2",22745,1.8,0.22,0.22,0.022476799,2.05,0.36,57.33
"483","1","1","0","1","0","0","3",1168,0.0286,2e-04,0.0061,0.0409,0.0169,0,69.78
"773","0","0","0","0","0","0","3",3460,0.3462,0.041051088,0.050491486,0.018944133,0.28109935,0.103504542,0.95
"560","1","0","1","0","0","0","3",56000,1.25,0.2,0.22,0,0,0,28.62
"835","0","0","0","0","0","1","4",7300,0.0976,0.086610676,0.10652828,0.039968836,0.593070883,0.218376634,4.84
"914","0","0","0","0","0","0","4",5629.274839,1.715624635,0.666030654,1.183476334,0.054004873,1.841216885,1.119080871,0.9
"31","0","0","1","0","1","0","2",43171,3.41,0.22,0.22,0,0,0,64.26
"478","0","0","0","0","1","0","3",41809.58695,2.685226166,0.237770614,0.33756199,0.045386929,1.33818485,0.33314522,6.89
"721","0","0","0","0","1","0","3",12000,1.044,0.216,0.2826,6e-04,2.298546303,1.493167255,8.3
"427","0","1","0","0","0","0","3",13228,1.05,0.1,0.1,0.014359824,0.423383977,0.105402739,13
"762","0","0","1","0","0","0","3",5400,0.1236,0.0024,0.0024,0.029565988,0.438709968,0.16153888,1
"547","0","1","0","0","1","0","3",84795.5,8.72,0.663,1.57,0.01,0.35,0.34,70
"486","0","0","0","1","0","0","3",41809.58695,2.685226166,0.237770614,0.33756199,0.045386929,1.33818485,0.33314522,7.76
"36","0","1","0","0","0","0","2",40000,1,0.08,0.08,0.001,2.870606986,1.890907373,26
"757","0","1","0","0","0","0","3",29237,2.19,0.38,0.47,0.187815154,5.600216523,3.637977586,4.8
"671","0","0","1","0","0","0","3",117383,8.7063,0.75,1.41,0.754055008,22.48418839,14.60603766,1.3
"910","0","1","0","0","1","0","4",4046.4,0.0838,0.0084,0.0084,0.038819444,1.323491962,0.804410686,1
"847","1","0","0","0","0","0","4",17188,0.769,0.073,0.101,0.01,0.043,0.029,27.207
"809","0","1","0","1","0","0","4",25494,2.01,0.2,0.2,0.139584315,2.071198504,0.762643002,50.5
"679","1","0","0","1","0","1","3",14400,0.1728,0.0012,0.0012,0.0043,6e-04,6e-04,51.98
"756","0","0","0","0","0","0","3",115146,6.4868,0.6,0.6,0.739684775,44.56,0.46,1.15
"780","0","0","0","0","0","0","3",17320.3096,3.150392885,0.205496401,0.252753807,0.094831865,1.407146754,0.518130262,1
"648","0","1","0","1","0","0","3",60606,8.6368,2.5974,2.5974,0.389326034,11.60880811,7.541241222,56
"827","0","0","1","0","0","1","4",8658,0.68,0.07,0.07,0,0,0,13
"65","0","0","1","0","0","0","2",4459,0.032,0.0216,0.0216,0.004406421,0.320000914,0.210788899,6
"218","1","0","0","0","0","0","3",19760,0.246,0.053,0.0583,0.019526997,1.418079851,0.934108242,8
"78","1","0","0","0","0","0","2",82643.75867,7.212225495,0.582515856,0.787447532,0.081669251,5.930943776,3.906792316,8.959
"673","0","1","0","0","0","0","3",64444,5.4735,0.42,0.77,0.413980908,28.99,6.44,1.05
"489","0","1","0","1","1","0","3",70000,3.69,0.57,0.93,0.01,0.1,0.09,42.5
"583","0","0","1","0","0","0","3",6000,0.2028,0.0117,0.0128,0,0.036,0.024,20.11
"309","0","0","1","0","0","0","3",8494,0.265,0.021,0.0231,0.011,0.609573394,0.401534181,26
"220","1","0","0","0","0","0","3",11800,1,0.031,0.0341,0.011660858,0.5148,0.4614,6
"880","0","1","0","0","0","1","4",5100,0.25,0.03,0.05,4e-04,0.0272,0.0272,12.17
"453","0","0","0","0","0","1","3",28500,0.304,0.1237,0.3248,0.011,2.508,0,1.86
"852","0","0","1","0","1","0","4",8440,0.377,0.036,0.05,0.005,0.021,0.014,12.682
"821","0","0","0","0","1","0","4",1998,0.0652,3e-04,6e-04,3e-04,0.008,0.008,10
"808","0","0","0","0","0","0","4",5000,0.13,0.01,0.011,0.027375915,0.406212933,0.149573037,6
"396","0","0","0","0","0","0","3",95,0.0037,3e-04,3e-04,0.000103128,0.003040632,0.000756975,2
"745","0","0","0","0","0","0","3",5709,0.5712,0.1142,0.1142,0.036673965,1.093533404,0.710374322,6.5
"593","1","0","0","1","0","0","3",150000,5.9657,0.518,0.569,0,0.68,0.6,4.085
"733","0","0","0","0","1","0","3",132646,6.84,0.69,0.69,0.85210278,51.3,0.53,1.1
"143","0","1","0","0","0","1","2",29300,2.3,0.4326,0.4326,0.028954504,2.102719618,1.385089651,34.5
"261","0","0","0","0","0","0","3",27658,2.19,0.22,0.22,0.0013,1.984881201,1.307467903,1.6
"393","1","0","0","0","1","0","3",8707,0.5524,0.0522,0.0574,0.0609,0.278681909,0.069378715,15.4
"509","1","0","0","0","0","0","3",21737,0.972,0.092,0.128,0.013,0.054,0.037,33.172
"904","0","1","0","0","0","1","4",5629.274839,1.715624635,0.666030654,1.183476334,0.054004873,1.841216885,1.119080871,54.99
"67","1","0","1","0","0","1","2",59337,2.39,0.12,0.12,0.058637318,0.9,0.3,69.263
"137","0","0","1","0","0","1","2",60000,4.5,0.25,1.3,0.1,2.12,0.12,42.23
"17","0","1","0","0","0","0","2",73872,4.5,0.158,0.1738,0.073000926,1.3338,0.8208,39.33
"594","1","1","0","1","0","0","3",52107,3.1774,0.36,0.89,0.019,0.521,0.417,7.453
"676","0","0","1","0","0","0","3",23270,0.9,0.4,0.4,0.149483827,1.8,1.8,45.12
"250","0","0","0","0","0","0","3",3100,0.093,0.0085,0.0085,0.0016,0.222472041,0.146545321,0.3
"892","0","0","1","0","0","0","4",2800,0.5068,0.0378,0.0378,1e-04,0.0062,0.0062,9.54
"672","0","0","0","0","0","0","3",26153,1.57,0.17,0.31,0.16800389,11.77,3.254233602,6.705
"604","0","1","0","0","0","0","3",2000,0.0602,0.0366,0.04,0,0.1432,0.0716,12.964
"402","1","0","0","0","0","0","3",23690,1.87,0.18,0.18,0.012,0.042,0.042,26.91
"226","0","0","0","0","0","1","3",7855,2.6179,2e-04,2e-04,0.007762376,0.1833,0.371326935,5
"608","0","1","0","0","1","0","3",12800,1.82,0.04,0.04,0.003,0.4821,0.028,24
"116","0","0","1","0","1","0","2",6272,0.89,0.035,0.035,0.004,1.1273,1.0474,2.35
"575","0","1","1","1","0","0","3",60745,7.1241,0.15,0.874,0.01,0.6,0.24,4.394
"851","0","0","1","0","0","0","4",3631,0.162,0.015,0.021,0.002,0.009,0.006,5.411
"314","0","0","0","0","0","1","3",6500,0.26,0.028,0.0308,0.006423354,0.466473635,0.307272448,8
"675","0","0","0","1","0","0","3",23806,1.43,0.15,0.29,0.15292703,10.172,2.38,1.58
"578","0","1","0","1","0","0","3",332000,34.9087,1.143,1.257,0,201.56,1.2819,50.37
"823","1","0","0","1","0","0","4",10708,0.2325,0.0176,0.0194,7e-04,0.869945618,0.320325616,28
"463","0","0","0","0","0","0","3",673,0.0168,1e-04,0.001,0.0185,0.0047,0.0023,6.18
"820","0","1","0","0","1","0","4",116139,9.18,1.04,1.04,0.635882278,0.032,0.032,44
"424","0","0","0","0","0","1","3",22728,1.8,0.17,0.17,0.02467267,0.011,0.011,2
"562","0","0","0","0","0","1","3",45673,2.4116,0.3197,0.7855,0.137,0.4567,0.365,1.3
"435","0","0","0","1","0","0","3",34960,3.11,0.3,0.3,0.037951273,0.005,0.278566658,11.52
"9","0","0","0","1","0","0","1",14170,0.2279,0.0228,0.0228,0.014002912,1.016912525,0.669853937,9.35
"665","0","1","0","0","0","0","3",20000,4.0804,0.32,0.32,0.12847772,11,11,8
"711","0","0","0","1","0","0","3",75900,55.188,1.761,4.108,0.487572946,0.019,3e-04,1
"366","1","0","0","0","0","0","3",11000,1,0.02,0.022,0.02,0.266,0.001,30
"790","0","0","0","1","0","0","3",5280,0.399,0.015,0.0165,0.028908966,0.428960858,0.157949127,1.96
"653","1","0","1","0","0","0","3",73140,10.6773,1.0605,1.0605,0.469843021,14.00963972,9.10085442,31.85
"752","0","0","0","0","0","0","3",3325,12.2401,0.364,0.364,0.021359421,0.636888872,0.41373176,3.215
"537","0","1","0","1","0","0","3",39225,4.445,0.25,0.38,0.009,1.255460878,0.312550834,62.7
"104","1","0","0","1","1","0","2",280000,25.1667,0.8032,0.883,0,3.7485,0.918,68.048
"647","0","0","0","0","0","0","3",7871,0.391,0.066,0.0819,0.050562407,0.067,0.051,2.3
"702","1","0","0","1","0","1","3",70000,1.75,0.14,0.154,0.449672019,3.115,3.115,60
"516","0","0","0","0","0","1","3",11638,0.52,0.049,0.068,0.007,0.029,0.02,10.833
"275","0","1","0","0","0","1","3",17184,1.36,0.02,0.02,0,0,0,28.5
"320","0","1","0","0","0","0","3",14551,1.15,0.09,0.09,0.006,1.044255056,0.68786483,32.67
"744","0","0","0","0","1","0","3",5449,0.6057,0.0605,0.0665,0.035003755,1.043731567,0.678022364,3
"589","0","0","0","0","0","0","3",110349,7.096,0.772,1.898,0.039,1.103,0.88,6.569
"855","1","0","1","0","0","0","4",35951,1.608,0.153,0.211,0.022,0.09,0.061,52.487
"252","0","0","0","1","0","1","3",37519,2.96,0.15,0.15,0.051,3.38,1.3,25
"669","0","0","0","0","1","0","3",161013.2,12.2211,1.05,1.93,1.034330438,72.46,16.1,30.695
"142","1","0","1","0","1","0","2",35200,2.76,0.2816,0.2816,4e-04,2.526134148,0,62.66
"295","0","1","0","1","0","0","3",6282,0.1963,0.0314,0.0345,0.006207925,0.450828827,0.296967003,33.92
"805","0","0","0","0","0","0","4",2000,0.0625,0.005,0.0055,0.010950366,0,0,2.5
"709","0","0","0","0","0","1","3",11136,0.6459,0.1336,0.1748,0.071536394,2.13305097,1.385659213,5.922
"858","0","0","1","0","1","0","4",11901,0.532,0.051,0.07,0.007,0,0,18.619
"636","0","0","0","1","1","0","3",51500,2.43,0.48,0.6451,0.330830128,4.8,4.8,26.62
"480","0","0","0","0","0","0","3",2653,0.0621,0.0092,0.0265,1e-04,0.0358,0.021139512,1.95
"456","0","0","1","0","0","0","3",16160.5,1.3652,0.2585,0.4075,0.003,0.3879,0.0162,1.92
"846","0","1","1","0","0","0","4",16889,0.755,0.072,0.099,0.01,0.042,0.029,25.832
"476","0","0","0","1","0","0","3",22276,0.3353,0.0431,0.0431,0.024181995,0.712980153,0.177498594,8.92
"119","0","1","0","0","0","0","2",17210,1.29,0.13,0.14,0.02,0,0,26.58
"843","0","0","0","0","0","0","4",6564,0.294,0.028,0.039,0.004,0,0,9.947
"859","0","0","0","1","1","0","4",6932,0.31,0.029,0.041,0.004,0.017,0.012,10.556
"428","1","0","0","1","1","0","3",64000,1.44,0.133,0.177,0.023,3.6,1,18.14
"454","0","0","0","0","0","0","3",41809.58695,2.685226166,0.237770614,0.33756199,0.045386929,1.33818485,0.33314522,4.979
"216","1","0","0","1","0","0","3",60756,1.2181,0.182,0.2,0.060039586,12.6,1.176,44.76
"747","0","0","0","1","0","0","3",4700,0.827,0.0827,0.0909,0.030192264,0.900263969,0.584823842,0.95
"816","0","0","0","0","1","0","4",1985,0.05,0.004,0.0044,0.010868238,0.161266535,0.059380496,5
"466","1","0","0","0","0","0","3",4800,1.1183,0.0081,0.0081,0.0397,0.632,0.112,1.25
"541","0","0","0","1","0","0","3",44873,4.026,0.289,0.32,0.008,4.34,1.23,10
"491","0","1","0","1","0","0","3",87000,4.05,0.2,0.45,0.01,7.31,1.31,14.71
"916","0","0","1","0","0","0","4",4402,0.639,0.1278,0.1278,0.04223092,1.43980121,0.875102768,2.4
"412","0","1","0","0","1","0","3",9500,0.75,0.09,0.09,0,0,0,17
"267","1","0","0","0","1","0","3",17797,1.41,0.06,0.06,0.017587144,1.277204813,0.841311963,21.8
"717","0","0","0","0","1","0","3",47885,3.36,0.5746,0.7518,0.30760778,9.172157478,5.958359501,1
"467","0","0","1","0","0","1","3",56000,1.68,0.0769,0.0769,0.060791513,0.84,0.112,25.21
"66","0","1","0","0","0","1","2",32709,2.58,0.14,0.14,0.032323307,9e-04,9e-04,11.5
"556","0","1","1","0","0","1","3",20855,4.191,0.118602132,0.168378973,0.022639411,0.017,0.01,9.5
"156","0","0","0","1","0","0","2",6000,0.15,0.037,0.041,0.00592925,3e-04,3e-04,15
"553","1","0","0","1","0","0","3",20475,1.0801,0.0432,0.0432,6e-04,0.655336175,0.163147949,15.83
"243","0","1","0","1","0","0","3",6800,0.2,0.017,0.017,0.006719817,0.001,0.001,18
"131","0","0","0","0","0","0","2",43800,4,0.15,4.56,0.043283525,0.0097,0.0097,25.09
"724","0","0","0","0","1","0","3",49500,36.478,1.148,2.678,0.317982356,0.0015,2e-04,1
"698","0","0","0","0","0","1","3",31250,0.5,0.08,0.088,0.200746437,5.985797665,3.888456393,18
"730","0","0","1","1","0","0","3",40828.83741,7.184528186,0.452545622,0.743060807,0.262279796,7.820581108,5.080356924,1.2
"177","0","1","0","0","0","0","2",8250,0.165,0.008,0.08,0.008152719,0.592062691,0.389999646,23.704
"678","0","0","0","0","1","0","3",48000,5.227,0.48,0.528,0.308346527,9.194185214,5.97266902,5
"577","0","0","1","0","1","0","3",61000,3.6376,0.224,0.246,0,0.025,0.025,12.24
"911","0","0","1","0","0","0","4",865,0.09,0.009,0.0099,0.008298443,0.282923227,0.171959086,0.3
"372","0","0","0","0","0","0","3",7410,0.494,0.04,0.0407,0.00804402,0.632,0.632,21
"169","0","0","1","0","0","0","2",1650,0.1,0.02,0.02,0.001630544,0.118412538,0.077999929,49.51
"706","0","0","1","0","0","0","3",9206,0.5339,0.1105,0.1445,0.059138294,1.763368106,1.145508146,7.7
"44","1","0","0","0","0","0","2",118942,9.4,0.55,0.55,0.0289,2.0164,5.62270762,48.5
"584","0","1","1","0","0","1","3",38000,2.628,0.0922,0.1014,0,14.7396,0.1156,8.037
"458","0","0","0","0","0","0","3",41830,2.1333,0.1141,0.8225,0.0043,1.2967,0.333307874,4.38
"761","0","0","0","0","0","0","3",14567,0.62,0.0765,0.0765,0.079756991,5.6374,0.0583,0.27
"798","0","0","1","0","0","0","4",4285,0.099,0.0028,0.0056,0.023461159,0.28,0.128184093,2.7
"195","0","1","0","0","0","0","2",790650,59.7221,1.5813,1.5813,0.781326922,56.74113535,37.37614787,0.3
"419","0","1","0","1","0","0","3",13528,1.07,0.08,0.08,0,0.0249,0.0122,65.015
"213","0","0","1","0","0","0","2",20365,0.265,0.25,0.25,0.020124863,1.461497782,0.962708216,24.1
"918","0","0","1","0","0","0","4",1789.12,0.2597,0.211680687,0.376137467,0.017164058,0.585183358,0.355671028,1
"718","0","0","1","0","0","0","3",31880,1.849,0.3826,0.5005,0.204793485,6.106471346,3.966847674,0.785
"125","0","1","0","0","0","1","2",62000,7.035,0.3,3.01,0.87,21.98,21.98,34.97
"451","0","1","0","0","0","0","3",5000,0.0715,0.0037,0.0582,5e-04,0.7475,0.0618,3.87
"565","0","0","0","0","0","0","3",107974,6.7711,0.75,1.8571,0.0388,1.0797,0.8637,1.384
"299","0","0","0","0","0","1","3",6758,0.53,0.06,0.06,0.003,0.263,0.319468801,19
"110","1","0","0","0","0","1","2",20000,0.7346,0.0159,0.0175,0,0.04,0.04,19.29
"384","0","0","0","1","0","0","3",1700,0.0425,0.014,0.0154,0.001845457,0.054411306,0.013545861,2.5
"822","0","0","1","0","0","1","4",19911,1.0735,0.1167,0.1284,0,0.0348,0.0348,60.169
"890","1","0","1","0","0","0","4",12500,3.1628,0.2,0.2,0.119919694,4.088485945,2.484957883,41.85
"872","0","0","0","1","0","0","4",13000,0.891,0.0281,0.0309,0,0.436,0.28,3.409
"633","0","0","1","0","0","1","3",76000,7.476,0.47,1.08,1.51,1.71,1.71,27.23
"906","0","0","0","0","0","0","4",3813,0.5535,0.0553,0.0608,0.036580304,1.247151753,0.758011553,2.078
"881","1","0","0","1","0","0","4",8900,0.8,0.05,1.32,0.56,0.8178,0.0178,67.62
"157","0","0","0","0","0","0","2",1614,0.07,0.005,0.005,0.001594968,0.0064,0.0064,8.04
"554","0","1","0","0","1","0","3",63282.6,4.206,0.329,0.329,0.012,6.328,0.6328,54.195
"138","0","1","0","0","1","0","2",80000,7.875,0.44,1.52,1.08,6.28,6.28,60.17
"115","0","0","0","0","0","0","2",32800,3.7642,0.21,0.23,0.032413233,13.34,3.28,5
"838","0","0","0","0","1","0","4",3006,0.0391,2e-04,2e-04,0.0164584,0.0301,0.006,2.78
"318","1","0","1","0","0","0","3",104927,8.29,0.84,0.84,0.01,7.530104482,4.960180949,61.83
"897","0","0","0","1","1","0","4",4500,1.1385,0.0562,0.3003,0.04317109,1.47185494,0.894584838,18.83
"707","1","0","0","1","0","1","3",23200,0.58,0.046,0.0506,0.149034155,4.443856187,2.886790027,24.2
"743","0","0","1","0","0","0","3",1536,0.033,0.0066,0.0066,0.009867089,0.294213927,0.191125409,0.427
"221","0","1","0","0","0","0","3",28967,5.1286,0.4353,0.5224,0.028625431,2.078821814,1.369347847,4.6
"844","0","1","0","0","1","0","4",34603,1.547,0.147,0.203,0.021,0.087,0.059,53.374
"432","0","0","0","0","0","0","3",2224,0.1923,0.0214,0.0214,0.002414292,0.071182791,0.017721174,0.472
"89","0","0","0","1","0","0","2",13260,0.4557,0.1125,0.1125,0.013103643,0.951606216,0.626835794,7.5
"241","0","0","0","0","0","0","3",173050,5.01,0.87,0.9,0.03,12.41896348,8.180538024,5.159
"170","0","1","1","0","0","1","2",8924,7.922,1.125,1.125,0.008818771,0.008,0.008,21.7
"685","0","0","1","0","0","0","3",18000,19.481,0.63,2.16,0.115629948,5.04,4.5,0.1
"351","0","0","1","0","0","1","3",38842,3.07,0.08,0.08,0.042165428,0.08,0.309499031,62.35
"20","0","1","0","1","0","0","2",48604,13.7363,0.007,0.0077,0,0.7234,0.102,23.64
"896","1","0","1","0","0","0","4",3050,0.771,0.056,0.056,0.029260405,4.47,3.988,21.84
"495","0","0","0","0","0","0","3",10660,0.63,0.063,0.07,0.011572099,0.341190898,0.08494052,9.87
"886","0","1","0","1","0","0","4",12600,0.52,0.37,0.45,0.054,1.08,1.08,20.31
"184","0","0","0","1","0","0","2",82643.75867,7.212225495,0.582515856,0.787447532,0.081669251,5.930943776,3.906792316,19.003
"576","0","0","0","1","0","0","3",51924,5.7839,0.12,0.63,0.008,0.52,0.21,3.922
"796","0","0","0","0","1","0","3",1325,0.097,0.001,0.001,0.007254617,0.107646427,0.039636855,1.1
"646","1","0","0","0","0","1","3",16000,1.2,0.07,0.231,0.102782176,4.46,4.46,30.26
"764","1","0","0","0","1","0","3",21000,3.8104,0.3048,0.3352,0.114978843,1.70609432,0.628206756,11.447
"285","0","0","0","0","1","0","3",2000,0.05,0.004,0.004,0.001976417,0.143530349,0.094545369,0.5
"588","1","0","1","0","0","1","3",42309,4.8796,0.2,0.51,0.007,0.423,0.17,5.66
"739","0","0","0","0","0","0","3",370,0.014,0.004101069,0.006733782,0.002376838,0.070871844,0.046039324,0.8
"865","1","0","0","0","0","0","4",4569,0.204,0.019,0.027,0.003,0.011,0.008,6.973
"670","0","0","0","0","0","0","3",27785,1.67,0.18,0.33,0.178487672,5.32209242,3.457304349,1
"304","1","0","0","1","0","0","3",13468,1.06,0.12,0.12,0,0,0,21.62
"1","1","0","1","1","0","1","3",74961.0812079723,7.51031053892218,0.249036887400686,0.349403679130973,0.0479205515368159,0.223785194256857,3.44208690767952,586.646095407219
"2","1","1","1","1","0","1","2",80684.3870419535,9.14503236110646,0.461180412405135,9.91524790560195,0.530545863705993,0.941781169748247,0.0117105726118533,219.434243367336
"3","1","1","1","1","1","1","3",13245.8599707307,0.40647336888774,0.0342401178150933,0.011258051732131,0.0945291000386454,3.087889273481,1.64062789514458,90.1314340032069
"410","0","1","1","1","1","1","2",48590.860194643,3.68318915244425,0.170685384461749,0.170685384461749,0.00493435408097473,0.56101463515922,0.353877476184521,405.230673709363
"5","0","1","1","1","1","1","2",36156.5553848627,1.27764179988556,0.174785152422252,0.218720195315362,0.234248787460683,6.39491459541979,4.46459886947783,174.227702162681
"6","1","0","1","0","1","0","3",7917.62831329368,0.664002591893077,0.0407646826500073,0.0407646826500073,0.00663489109237365,0.470485990494336,0.277679443392062,139.052235182915
"7","1","1","0","0","1","0","4",467628.604697021,36.6074233421177,3.09280156741864,5.41998577292556,0.419897706559882,1.82662650657442,0.8702225933865,597.572941077251
"8","1","1","1","1","1","1","3",267474.506687981,11.6036803377381,0.12775297788219,1.00864352848267,0.0173442384911676,6.80736939685778,3.30790122087055,1768.25447107284
"913","1","1","0","1","0","1","3",14758.6938517597,1.16902655683924,0.120575947281905,0.120575947281905,0.0104039051374827,1.05916024178337,0.697683075483071,224.812010412184
"10","0","1","0","1","1","0","2",61985.4069395591,7.94556391505223,0.00186508239949386,0.137134937385336,-0.00285986182070152,0.363482760969408,2.65320248691492,129.560254263338
"11","1","1","1","1","1","0","3",35168.1742258871,2.48212622114536,0.203477114254188,0.213003660735865,0.000351930821344825,0.264838886934961,0.396180478649185,121.578268605537
"12","0","1","1","1","1","1","2",443841.624141729,35.3648370511892,2.97830814339393,5.10519712374252,0.398198994688888,2.95791946305383,1.6412911856183,632.068932087992
"13","1","1","1","1","1","1","2",132990.378059363,11.1194241894281,0.65073403310728,0.612813026148464,0.148342039691215,10.0314687852341,5.9090806054298,938.814078786064
"1410","1","1","0","0","1","1","3",42212.2749323182,3.81273660722359,0.100183519364807,0.0957727976657819,0.0484040117014637,1.2694789986721,1.85736605419336,96.4396332549209
"15","0","1","1","1","1","1","2",30169.2708340729,4.34185822169197,0.749182335498694,0.780173034998993,0.0061295468852956,1.5638306970162,1.65036492955501,85.219826329947
"1610","0","1","0","1","0","1","2",46299.2112711072,4.23795331821716,0.340756746276654,0.570017246878939,0.0457532665562341,2.7545459908293,2.1886879993223,122.910901038917
"1710","1","0","0","1","0","0","3",98552.6287918373,3.35918085453811,0.269306322120729,0.283885702067998,0.100068229803068,0.679876307538922,0.102750970542963,213.082723309499
"18","0","1","1","1","0","0","3",50622.2232852977,3.20085900789778,0.272588673994788,0.273331859470241,0.00265684646784226,3.56221430242234,2.60798038164161,134.441873523238
"19","1","0","1","1","1","0","2",80617.5836553664,2.48462585640629,0.323690242120577,0.356234043202293,0.00999815637497728,0.196885175376805,0.0592377950869268,285.166245473806
"201","0","1","1","1","0","1","4",38948.693701482,2.11163929416477,0.00486898407924188,0.0213364899858927,0.212539423728054,0.474979907986988,0.060646610752232,166.6504459486
"21","0","0","0","0","1","0","3",162678.650454671,23.3200445333271,0.0196098003502331,0.0555730511546261,0.864407944742124,12.9696425759258,4.65438083495347,106.045147705478
"22","0","1","0","1","0","1","3",71220.0190735345,7.12781976841157,0.399221710441634,1.77195890623971,0.456240697135641,3.26725550848176,3.2672360512428,82.6958316981792
"23","0","0","1","1","1","0","2",348331.260016502,11.85547395802,2.43577220914637,3.29322838660168,0.341149372388744,25.265803303039,16.2993882669637,388.642512178449
"24","0","0","1","1","1","1","2",57298.237790234,4.5707557340779,0.128597724212687,0.112186327382086,-0.00244870553519364,3.15011884712095,0.938874664193662,263.684330052718
"25","0","1","0","1","0","1","2",68142.6850852929,9.64170842533749,0.175203833426069,0.224984522766201,0.0346106927106689,1.89962776947673,1.74044802545883,122.050456497718
"26","1","1","0","1","0","0","3",98272.5903640957,10.6606186985828,0.531821385314935,1.5978440063027,0.617779876528508,0.445400612403768,-0.176691833059768,158.872082952817
"27","1","1","0","1","1","1","3",4746.74506721977,-0.198305131874567,-0.01839848505526,-0.0225799712907427,0.0604826331011311,0.11377804443091,0.722713580717166,194.959846462144
"28","0","0","0","1","0","0","2",25045.7589924612,1.78506484837748,0.0225218419303771,0.0613152608039233,-0.00321003548565945,0.198287709996381,0.350289632175213,122.51866410555
"29","1","0","1","1","0","0","2",143326.974127596,3.81312416761389,0.304943626381574,0.322274761118105,0.142843520769982,-0.114923793664048,-0.159915188713054,2158.25816252794
"30","1","1","1","0","1","0","3",36536.1733383425,2.88545736644883,0.305622586691752,0.305622586691752,0.038668268933329,1.57535582924173,0.692445627330378,1256.52640935955
"311","1","1","0","1","0","0","2",85490.5024266883,11.1337646516338,1.31262333648629,1.82793138057692,0.0657022706811591,6.13524083848932,4.04136553474722,143.436500467028
"32","0","1","0","1","0","0","3",16540.810119702,1.2658163290374,0.0373371820484288,0.0375868977820035,0.0106617686300073,1.1512974677181,0.762073852558028,91.0090965256095
"33","0","1","1","1","1","1","3",141187.846386617,8.04111493391436,0.655037112526427,0.82612901611806,0.0867811547225686,0.458594175924754,0.428983773565411,219.903312745843
"34","1","1","0","0","1","1","2",162027.814731943,14.8254180087715,0.943607323865344,0.943008001789136,0.0418114447583874,0.787230666885757,0.129544136192423,1869.50623983992
"35","0","0","1","1","0","1","3",34506.2645907352,4.44167540684898,0.229803843276844,0.215763859266736,0.00576175456082662,2.68634203045059,-0.031068689315371,78.2182351530929
"362","1","1","0","1","0","1","3",34394.742923751,2.74757594162133,0.327481026365422,0.327481026365422,0.0335058053098265,0.886612900188193,0.148363380414434,262.097211111132
"37","0","0","1","0","1","1","3",369863.196511362,10.9162805401276,0.160353464285608,0.612669482195496,0.0116434754734979,0.179641836531165,17.4332284325453,88.8281767395249
"38","0","1","0","1","0","1","3",12565.8563064877,0.901256823074073,0.0109562634536996,0.0117227481717244,0.0136410249050402,0.402190974741571,0.100126675813331,118.077288506087
"39","1","0","1","0","1","0","3",50983.8700923542,3.68469516369212,0.225038612706587,0.278926974905189,0.0251587861182634,0.091107437483035,0.091107437483035,147.453274927927
"40","1","1","0","1","0","0","2",88700.2073877039,11.3778276406447,1.49061520371586,1.49061520371586,0.0784500662938158,5.69654618742533,4.19309690392161,162.316709428144
"41","1","0","1","1","0","0","2",54912.744627692,4.07656352044378,0.109897409780548,0.121298174986521,0.0626461955964539,4.02566251047311,2.37095842826264,1259.45469461166
"42","0","1","0","0","1","1","2",7177.3186243485,0.822898895766405,0.0074476446642402,0.0159471502386473,-0.000721637469306833,0.965078640529832,0.672599855811995,157.601402982996
"43","1","0","0","1","0","1","2",182811.796125093,14.2434170735689,1.2396304382366,1.2603965724222,0.105168929420891,0.514948093089418,-0.248976381272161,171.848570144628
"441","1","1","1","1","0","0","2",52357.9390174779,4.15249043838611,0.10642523431811,0.0814021627953516,0.00341016244688885,-0.426608787849887,-0.294374572835117,193.974582805115
"45","1","0","0","1","0","0","2",81116.1980404913,7.09770944435415,0.568877776423609,0.778398750122731,0.104760035747658,5.72814876716683,3.80171054378654,82.159661068311
"46","1","1","0","0","1","1","3",24382.5515355755,1.67419756943833,0.294900727395049,0.330857222151779,0.00113688135677256,4.13765149151895,2.19071926205432,143.813983782805
"47","1","1","1","1","0","0","3",139279.536230059,10.1116286665071,0.469977402642369,0.490098497971147,0.0312818163192426,3.75346586780246,1.00999626697372,373.234946249053
"48","0","1","0","1","0","1","3",51786.5843893504,3.11109212987032,0.278909786606207,0.278909786606207,0.021682310333508,2.33773248540537,1.53992558895266,148.96153688781
"49","1","1","0","1","0","1","3",17554.787691731,1.38758335365914,0.13849043882452,0.13849043882452,0.00608528195014355,1.25982240491625,0.829861937112183,254.983597068256
"50","0","0","1","1","0","1","2",38867.525255052,4.50511436756403,0.218517272398929,0.217804721007421,0.00316431863999946,1.23419994586568,-0.0330980942616353,93.0962792389326
"51","0","0","1","1","1","1","3",136851.172082607,3.89059193781832,0.988970765788558,1.30998721449469,0.141381263467549,9.90921894530844,6.49437075653791,77.0440817638393
"52","0","0","0","0","0","0","3",35469.7004830631,6.95507723172859,0.904212609949871,0.889705207621547,0.235497996077751,7.45918202956027,4.4613791120825,81.1330713177322
"53","1","0","0","1","0","0","4",92386.9634243971,7.31950555583897,0.354625724483814,0.384181300613257,0.00463620844502468,0.8966469158721,0.00908464840673509,380.014272070257
"54","1","0","1","0","0","1","3",26597.4098852677,2.1014716909267,0.160449211830273,0.160449211830273,0.00102246059151366,0.0381119671724737,1.04387467905365,119.765974067831
"55","1","0","1","0","1","1","2",96981.1629210935,8.34334987343465,0.730407067351103,0.708197357792471,0.0326350815541955,7.61844581682594,4.63772689676911,147.366479610501
"56","0","1","1","1","0","0","3",27067.3042537725,2.86775452827679,0.15623209620474,0.214710822593631,0.000705497345825902,0.0299678748180032,0.295622390157273,88.8277943133261
"57","0","1","1","0","0","1","2",86192.171158132,6.83837162184475,0.202230665037941,0.214439963518231,0.027638404915258,-0.192902105467177,-0.249533541432238,254.396153403002
"58","1","0","1","0","0","1","3",135171.819867512,6.30479184585305,1.15108074018788,1.25692458375212,0.138229527762961,0.568386853665357,0.491146821442329,623.810610939085
"59","1","0","0","0","0","0","2",19387.8653469603,1.11811122073135,0.136460442540068,0.221946058284674,0.00239247430382791,-0.204434373009769,0.0612945695331144,152.126322592493
"60","0","1","0","0","1","1","3",86611.9149441741,7.30746856807468,0.64171722613237,0.64935811784491,-0.00114566814988931,0.462712127231441,0.127764635442586,267.997176750664
"61","1","1","0","1","1","1","3",22102.9421636406,1.512739060237,0.128045607716605,0.152098648536864,0.0179956556691198,1.39141053554779,1.31207923792875,321.890351246937
"62","1","1","1","0","0","1","2",39109.9327932476,3.10511563632376,0.304271943190826,0.293082489558677,0.0158096209514057,-0.462167543067471,-0.257587049134424,390.286809351977
"63","1","0","1","1","0","1","2",58142.2538571232,4.58957645896357,0.453374532354064,0.453374532354064,0.0148573115409818,0.200868490460329,0.128246841093758,574.214786488258
"64","1","1","1","0","1","0","2",64107.855815542,7.06238100945762,0.348255426085233,0.778042308830674,0.440728902850195,-0.0432093276287942,-0.243122641320576,74.3796971541398
"652","0","0","1","1","0","1","3",25359.5385548799,1.9124701243273,0.167846211111184,0.385790044189626,0.0346732083845777,1.59957272233827,-0.0557122910131664,334.177464136496
"661","0","1","1","0","1","1","2",38847.78552236,3.08602807000089,0.035982841870917,0.04144306325918,0.0185342715235015,2.59957807265239,0.0580402836566272,120.621659333899
"674","0","0","1","1","0","1","2",188688.336854505,14.8781524597499,1.33436463727882,1.38079650117802,0.0567278444278925,8.16511269136327,2.46648038737332,695.749560394378
"68","1","0","1","0","1","0","3",50696.119118934,3.67860211796849,0.224303773021325,0.275558959681075,0.0245158013936598,0.0985783076165244,0.0985783076165244,152.683955662578
"69","1","1","1","0","0","0","3",22373.0371666931,2.30707330799719,0.404586814365915,0.448918184770624,0.012248260967337,1.28441414102124,1.12470631247648,441.236894343662
"70","1","0","1","1","0","0","3",34114.3479036587,3.04535706611685,0.18299443782298,0.638129353517278,0.00308143697887813,6.54762762970795,4.44740448941279,310.131035159921
"71","1","1","0","1","0","1","3",66251.8140506544,5.2336822992377,0.387727304585278,0.387727304585278,0.0039596285308235,0.676372398680446,0.501859012708651,281.458690359313
"72","1","0","1","0","0","0","3",39065.6770194562,5.34532512567344,0.29602156778099,0.299418378584087,0.0147143513860647,1.58929185655331,0.119153378346236,84.4780956759071
"731","0","1","1","0","1","0","3",14907.0262098872,1.16262368517218,0.0759674027783538,0.056183919509345,0.0193390975783405,-0.127935014494624,0.0416952295248964,540.485735495465
"74","1","0","1","0","0","1","3",59652.4093109146,5.21950047232956,0.386890365766361,0.407842297926545,0.0375974360902017,7.61987571589649,1.70122271061578,86.688900779374
"751","0","1","0","1","0","0","2",75569.7060982974,5.83123090588274,0.153948554298671,0.112190322123007,-0.00323025932531668,-0.253097026261053,-0.0976280458522547,269.75464780139
"76","0","1","0","0","1","0","3",33101.0073130216,4.96220737894997,0.607439479865134,0.609529197866097,0.164116501566733,5.30574692679693,3.45232673375922,78.4881553135998
"77","1","0","0","0","0","0","3",50737.0700499171,4.38400565898237,0.300903415756839,0.31467857215609,0.0504415733313092,8.4912581320433,2.84385198931812,83.8028994594139
"781","0","1","0","1","1","0","2",60304.153513107,2.62319041440231,0.489109824636055,0.539787895255509,0.0556663596797341,0.121856386850079,0.251418490508908,494.117454079575
"791","0","1","0","1","0","1","3",47844.5519343088,3.78171333404258,0.137507241489366,0.137507241489366,0.00712463792553171,0.0087078907978721,0.00554138505319133,264.179208979784
"80","1","1","0","0","1","0","4",25961.9600747107,0.137652037831676,-0.0182634207581403,-0.0446165621331438,0.00400015921817352,0.239538187103211,-0.0881252548666648,131.972658701636
"81","1","0","1","0","1","0","3",31923.8336198272,2.46334922269266,0.14014357055095,0.14489615255734,0.0136314833753277,1.52498020013976,1.42630668507786,214.747063316351
"82","0","1","0","0","0","0","3",28680.9966178575,2.5251974318694,0.0280879874859804,0.0351218476856343,0.0332465996611286,0.3867140098172,0.0964737464147017,110.784905661165
"832","1","1","1","0","1","0","3",21094.2279108511,1.45239080276962,0.0839107356449672,0.108656964717644,0.0245777082692324,0.585584762584975,1.12026837837421,222.698973812901
"84","1","1","1","1","1","1","2",17938.5862444545,22.7347068959116,0.467448472577041,0.515558243353646,0.121353202433997,0.602116981379915,2.36711159240509,67.7021649763825
"85","1","0","1","0","1","0","3",28860.967523003,2.28003055900801,0.0820162981376052,0.0820162981376052,0.0227963329190388,1.81153433429067,1.39815822996167,287.028761489433
"863","0","1","1","1","1","1","2",112133.209823186,8.83523272032721,0.813731231015222,0.813731231015222,0.00966823685776411,0.80784283321522,0.539066718164586,565.370290163497
"87","1","0","1","0","1","1","2",442904.892362819,38.0592634057868,3.06639435915137,3.07076855056651,0.435757875256001,4.23319406635488,0.839102506318925,108.93884040238
"88","0","1","0","1","0","1","2",116854.959916323,22.0944797727989,0.127379133263603,0.132320269702934,0.0195951909638713,3.44018379601131,2.55747923623051,166.032330434159
"891","0","1","0","1","0","0","3",96099.8810624965,7.63924325350672,0.643573172483593,1.26704392041639,0.0243951751738787,6.14221361336485,0.27279355071485,83.3811112623066
"90","1","0","1","1","1","0","2",90263.5415382171,3.338919054094,0.403412078184076,0.443737988357781,0.0161489468590551,0.710880510091444,0.394247574143048,286.311888097541
"91","0","1","0","1","0","1","3",123118.73720428,12.7829247119289,0.586683223552536,2.34488158084026,0.790900729559121,5.55414108691271,5.55414108691271,173.62917214402
"92","1","0","1","0","1","0","2",133391.557325498,5.67698375965606,0.631191703199502,0.694315397665021,0.015475854431279,2.97663468039313,0.531830363796069,1401.40444244763
"93","1","0","1","1","1","1","3",25141.4889903926,1.70350046026267,0.104423891010016,0.0824341930004102,0.0278962085714985,-0.153288179096412,0.0743649177478743,1764.81586002851
"941","1","0","1","0","1","0","3",69714.6674176799,5.47354148938321,0.636234859703109,0.636234859703109,0.0756796449534747,2.15000652683301,0.535257733032145,209.17707446916
"95","1","1","1","1","1","1","2",45250.2594449686,3.90564927411749,0.0878282831850695,0.137282707532707,0.0423667463629478,1.13435598887022,0.208486587830108,488.260694918645
"96","1","0","1","0","0","0","3",29089.9886952199,1.77453586449769,0.124459351021546,0.201896602247822,0.00977457849336449,0.288559998029051,-0.0449134830423256,498.408829455438
"97","0","1","0","1","0","1","2",66403.2450870145,10.5899693247014,0.314139177453239,0.316047661961289,0.0285864455493252,1.06838826854858,0.828250215519429,127.749970588094
"98","0","1","0","1","0","1","3",38058.8850832642,2.9919259598339,0.0958635921496898,0.0958635921496898,0.00990488430410093,0.107998764089774,0.104826045659836,263.452557303947
"99","0","1","1","0","1","0","2",34451.9174172069,3.12670397412468,0.104982306263766,0.156453849989079,0.040289169370854,1.42516405323532,0.649186149074548,129.6082957626
"100","0","0","0","1","0","1","3",188572.222072538,18.1317070095893,0.172735856237116,0.168202142593353,0.0245515685817818,3.21280368369874,2.97491637310141,308.675599152772
"101","0","1","0","1","0","1","2",58459.3971748929,2.24514304877399,0.132126667408668,0.189167193007073,0.0577700637832057,2.8042659382103,2.54688374903586,137.286743340415
"102","1","0","1","1","1","0","3",215771.030775685,22.1365562686324,1.34358647432178,2.64896898683161,0.130538251250982,38.5593448129224,24.7849169859318,291.214352172241
"103","1","1","0","1","0","0","2",53490.2721045393,4.40243747754632,0.528908640082189,0.526238607719086,0.00619238975303877,4.06781457557246,2.39727315292203,152.428227404198
"1041","1","1","1","0","0","0","3",125342.578563495,9.90151021972066,0.836880932014901,0.836880932014901,0.0438424303198699,0.0217041734256782,0.0217041734256782,145.444173012755
"105","0","1","0","1","1","0","3",12320.5946772615,0.640344981777947,0.0366412732983008,0.0581539819892496,0.01103128404753,0.143443671014843,0.0857693690969705,215.651696100556
"106","0","0","1","1","1","1","3",148417.278883768,10.6100665776059,0.981874288730323,1.02657787820324,0.0557986550879101,0.225433815484866,0.225433815484866,440.780412660167
"1071","1","1","0","1","0","0","3",20827.2589085393,1.98342188053529,0.189711412205691,0.150410088717759,0.0169537184183074,1.50839373864852,0.735192658767032,89.7688165963827
"108","0","1","0","0","1","0","3",8217.54931602451,0.0437617918169883,0.017438265066987,-0.0250094568045938,0.0035274568037109,0.427324975711284,0.259344909398299,110.875071974419
"1091","1","0","1","1","0","1","2",70510.2234858269,11.0829336961438,0.564689131254654,0.509120280409216,0.0639870445984516,4.54355709870578,3.45278373297794,502.382336175549
"1101","0","0","1","0","0","0","3",65311.1265090749,4.95823053891622,0.669117326621895,0.955518650755093,0.00714779393207374,4.84772688790441,2.59939313855966,573.318191918007
"111","1","0","0","0","0","1","3",96041.0058012553,2.29114031168916,0.170218788893838,0.225050199365423,0.092211207847162,1.4205258143917,-0.0315852859810514,89.1422706695251
"112","1","0","1","0","0","1","3",34539.1266358504,2.72620951403165,0.14642432264518,0.14642432264518,0.00212693319644313,0.227389286579564,1.6327572306912,123.105333855627
"113","1","0","1","0","1","0","3",42533.221040722,3.3588043188001,0.196474239919335,0.196474239919335,0.012,0.456354433266446,0.456354433266446,249.42783996975
"114","1","0","1","0","1","0","3",66500.9595823617,5.2741780462286,0.280725723344833,0.304328978948761,0.0503738054636959,0.983887419992359,0.342153818663559,104.720228435448
"1151","1","0","1","1","1","1","3",3430.43912165896,0.364641068194345,0.0139963537179662,0.00141772569902773,0.000720475963003486,0.69060266950672,-0.252732817403464,161.830649305283
"1161","1","0","0","0","0","0","3",57742.5018735766,6.05286207879008,0.447573369154213,0.430569478029554,0.100144040272449,1.57848898803093,0.516550445521893,66.2784583600839
"117","1","1","1","1","1","0","3",142341.588378383,7.86426312198248,0.995513206652872,2.32254299516404,0.0273997496415188,57.7454065369708,9.81829238863713,467.395409029288
"118","1","0","1","0","1","0","2",164937.676378067,16.4471280344789,1.2391328882752,1.25212238414225,0.162992787134616,7.47522531471035,7.79704670981023,113.79007060829
"1191","1","1","1","0","1","1","3",56847.9363068317,4.47083587528417,0.41235234870125,0.417746070529063,0.00684985353052372,1.74839803066316,2.47719172081373,153.955365158913
"120","0","1","0","1","0","0","3",3492.8372238474,0.203500380205736,0.0297026701277122,0.0338490824551322,0.000952515890169889,0.528976895506098,0.348315612074319,82.9416574027613
"121","1","1","0","1","0","0","2",52050.2616815846,4.28030317198485,0.4,0.489022112628445,0.115310009126551,0.64796718171984,1.54936411056537,131.871795177191
"122","1","0","1","0","1","0","2",30453.9817266027,0.78455023508952,0.101379211262707,0.111530660489225,0.00106786345916335,1.23409536519742,0.0076433766398346,145.529939872807
"123","0","0","0","0","1","0","3",132872.64051156,32.1154093061663,1.58167540666399,1.55555452801767,0.131513082727769,0.582701943373568,-0.00116305590921056,2665.37953648926
"124","1","1","0","1","0","1","3",18420.6263524576,0.504501360881274,0.100265854521506,0.160840903373624,0.0160710407779603,1.30695172908122,0.445511113493542,263.883182861263
"1251","1","1","1","1","0","1","2",57621.6592954513,4.05337070507264,0.094917915043611,0.0325581118485406,0.031630081145409,3.83473019837881,2.5249638036646,85.2187960539983
"126","1","1","0","1","1","1","3",262898.530237728,20.6469207446839,1.8662741099879,1.84792143018754,0.0137542782741716,0.079501013317416,0.218906723962608,310.458097630716
"127","0","1","0","1","0","0","3",14314.4062377962,1.01440705326153,0.135843714636285,0.192281184324529,0.00406875909352675,2.5160752000318,1.63570799314642,95.5855330838612
"1281","1","0","1","0","1","0","3",9706.63810139359,0.878212504656985,0.0420856437787181,0.0420856437787181,0.00945910527152423,0.430059998005752,0.195363800281747,152.979449677782
"1291","0","1","1","1","1","1","3",91156.3224549408,5.73686109450624,0.719042864997086,0.737069597439606,0.0823544223108294,0.375857624653365,0.392427682194876,495.61814801375
"1301","1","1","1","1","0","1","3",59436.1264025845,4.24971464351393,0.394767792279386,0.422091885773584,0.0181482210279246,1.17709008509602,0.53065678554936,722.364548349016
"1311","1","0","1","0","1","0","2",83660.7608670893,3.5397808649387,0.398250464643072,0.438086029623472,0.00948148390743882,1.83269898147609,0.330209711226705,917.265210748836
"132","0","1","0","1","0","1","3",44944.0991175473,3.55127265751362,0.183616880625486,0.183616880625486,0.00190540995392518,0.0604342771867326,0.0139859254113278,325.252227405161
"133","1","0","1","1","0","1","2",43107.8812889601,3.40171075391117,0.343651997349225,0.343651997349225,0.00889413029071875,0.203730817460455,0.0884127903420013,390.866045222671
"1341","1","1","0","1","0","1","3",47213.857619762,1.14181877361178,0.00622687033907203,0.0492350413260037,0.00659775958799135,0.819019351662506,-0.299793664591439,471.104345143639
"135","1","1","0","0","1","0","3",51446.9869732758,5.49809421654283,0.302527341960642,0.633839392750795,0.560401769310207,1.83361730510111,1.66948443507485,80.4460623018211
"136","1","1","0","1","0","1","3",91594.8986198357,8.35744555661106,0.515317568001337,1.15242487314856,0.49663898492976,1.09624765165849,0.222497780114878,252.598387853664
"1371","1","1","1","1","0","1","3",140288.061111829,6.69268990688002,0.160713233737127,0.174310935194826,0.0355045523492756,10.2799573107258,6.86226972205106,942.432908380307
"1381","0","1","0","1","0","1","4",36890.6392566818,2.91781421799446,0.103555347325746,0.103555347325746,0.0060846151928883,0.00708911794167943,0.00451125687197782,193.502887906364
"139","1","0","1","0","1","0","3",28917.8948800564,2.28733023226261,0.13,0.13,0.0106824505766854,1.12798604518175,1.12798604518175,196.728124900721
"1401","0","0","1","0","0","1","3",70033.0931124613,2.42769226274129,0.41011198721614,0.380003479384658,0.0641785852125817,3.87689730652795,3.03553183342169,1103.71386262818
"141","0","1","0","1","0","0","3",22241.7090679416,1.69451343107037,0.105901924418285,0.136675002491102,0.0117680765781552,2.40796242289277,1.57434439044768,97.1382287765946
"1421","0","1","0","1","1","0","3",67986.6060310465,5.36959239597898,0.523950134292245,0.523950134292245,0.0108348508842755,0,0,136.12
"1431","1","1","1","1","0","0","3",196988.000412947,21.3462847204001,1.99411792358778,2.19135906501094,-0.00276969189194673,-0.162609358729283,-0.0245903661670361,219.037550902029
"144","1","0","0","1","0","1","2",13517.473204931,0.771784684078908,0.0450371922926744,0.0460383516663453,0.0133580795391476,0.772451986768255,0.503661728968635,183.13936688373
"1451","0","1","0","0","1","1","2",114740.234037363,11.8494163153502,0.40320323753054,1.26752285609995,0.10933482549476,12.1256854297439,12.115587110468,296.551065654724
"1461","1","0","0","1","0","1","2",21144.6956463628,0.504411511982139,0.0381018893191125,0.0403291796052363,0.0208953645118192,1.07777904732763,0.698461864951885,134.54818198913
"147","1","0","1","0","1","0","3",91800.7945097291,7.16789483991219,0.230711622394156,0.230711622394156,0.0123887234789255,0.938110333898338,0.297767168312683,291.814175729449
"148","1","0","1","0","1","0","2",219922.016106569,15.7933057449508,1.10278867464666,1.18563250723346,0.191249803105248,15.0471370964363,9.09690384914713,247.36983068712
"1491","1","1","1","1","1","1","2",168046.183515485,9.16819361083414,0.803821871378785,0.803821871378785,0.368823400160322,21.1902040673673,12.1100194733698,818.819893784913
"150","1","0","1","0","1","0","3",91013.9641655289,9.10509490514779,0.584488830830902,0.67711071196245,0.0264223056805786,4.21908850478241,1.5282129329443,91.3770482459398
"151","0","1","0","1","0","1","3",37104.4997087191,2.93309603215428,0.291224258937873,0.291224258937873,0.00200649553311465,2.62282248200619,1.71449750094511,128.157417047585
"152","0","1","0","1","1","0","3",34649.6610749762,2.94780205320101,0.307240019818069,0.3121234690235,0.000945183717180043,0.189036743436009,0.0236295929295011,81.8484726941492
"153","0","1","0","1","0","1","3",12374.3155660783,0.785680653906427,0.0691924001554027,0.069264643469872,0.0116160617945891,0.482976424556132,0.445279863066087,131.578173814346
"154","1","0","1","0","1","0","3",28485.373502648,2.24751384407282,0.0510747595340945,0.0510747595340945,0.0294411250422709,1.98140964461503,1.30702981905995,324.338112112542
"155","1","1","1","1","0","0","2",62483.492119299,4.54207287582615,0.509863091157749,0.53122269676649,0.021212334361393,6.63188783695688,1.68379564198386,608.808139136992
"1561","0","1","0","0","1","0","3",36322.3793806244,6.87803090390516,0.853897223561071,0.853897223561071,0.226111748617502,6.79197383554656,4.37978221483679,78.6632196853333
"1571","0","1","0","1","0","0","3",32808.6069356981,2.64236799023137,0.279953227774473,0.519563078549691,0.00492507878644392,4.01510991190157,1.4162531721719,92.4111539052357
"158","1","1","0","0","0","1","2",46941.3490039546,3.93597089766059,0.101533072195476,0.114318966003731,0.0219100392991618,-0.497063964881044,0.0541015212235648,351.343325422604
"159","1","1","1","0","1","0","3",4984.32995431032,0.225454987770454,0.0413469924633991,0.0496539218302237,-0.00240193269078213,0.133790293510923,0.104515995182992,135.981879512926
"1601","1","1","1","1","1","0","2",400623.508333565,25.6696669855332,3.62078769149724,3.62078769149724,0.395899491445235,21.5435624135185,11.9164759297616,738.849729585631
"161","0","0","1","1","1","1","3",214548.202786725,17.2751829009596,1.24575533883879,1.24575533883879,0.0272896765398448,0.00867572819115594,0.528600752095084,365.460178688914
"162","0","1","1","0","1","0","3",73543.838452312,6.35492930276224,0.133171321263765,0.0901954277702271,0.00545557279930716,0.184285614502766,0.810977823205426,211.374026429249
"163","1","1","1","1","1","1","2",177716.453975746,8.25848173880763,0.687172128648031,0.687172128648031,0.319430320177626,19.2296717903825,11.3559445427382,900.986350260789
"164","0","0","0","0","0","0","2",109490.505733058,8.71443593666046,0.867362345473035,0.851725901073876,-0.00531542657913792,2.61405146272333,4.93732899892574,168.615429136384
"165","0","1","0","1","0","1","2",70296.1496205535,16.9343056661819,0.250387599816662,0.274570782241412,0.00429081613266666,0.480448100365967,0.374101321952392,116.63653130764
"166","0","0","1","1","1","0","3",41929.6302248535,6.14768018966117,0.298912182360636,1.68860410665196,0.0385406729944846,0.221339003361071,0.131640445686884,80.4836624077406
"167","0","1","0","1","0","1","3",33254.3040152588,2.43508837633207,0.239281482759491,0.23939749082583,0.00104640322653577,2.29135110419094,1.48845024143022,133.798104091953
"168","1","0","1","0","1","0","3",54546.0470099594,3.50457082260237,0.15148242895212,0.153000153831672,0.0587515629260431,0.00058941122177057,0.000294705610885285,110.026416893689
"1691","1","0","1","1","0","0","3",544342.704676547,173.581689717897,1.65078120475716,1.86132228909572,-0.00317605951125649,80.5096280805835,2.34111871078492,227.540225124944
"1701","0","1","1","1","1","1","3",104547.593598648,8.2247434833374,0.850277346261248,0.861471785433274,0.00594041087151361,0.145113668349034,0.125722484037356,451.224674620273
"1711","1","0","1","0","0","1","3",61355.2961831108,4.87367034180452,0.393654168201893,0.415787109547659,0.000146605197766956,3.98618884349297,2.81056881543991,313.67752066447
"172","0","0","0","0","1","0","3",53716.2382162256,4.58923828781423,0.398367499926926,0.663232324478609,0.290738428523349,1.38214245707921,0.275853051784009,128.299862586784
"1731","1","0","1","1","1","0","3",448954.52163476,21.3729817915519,4.03956316868982,4.07844338338604,0.449587566744162,31.968048921363,20.6247279724653,764.351565123991
"174","1","1","1","1","1","1","2",189912.864450645,5.27004739958016,0.561182157916139,0.635030506608889,0.192141984198819,2.52640922382148,1.41693433702712,91.024021357568
"1751","0","0","1","1","1","1","2",111516.899738171,36.1440746745299,0.00573312354870892,0.0206528159068076,0.108022368715273,2.65996132649538,2.05972914224226,132.182843563456
"1761","0","1","0","0","1","0","3",18020.0344542824,1.42532842421904,0.160845332760364,0.160845332760364,0.000400128936763125,0.808371629991897,0.00775049331634459,89.9599579218775
"1771","1","1","1","0","0","1","3",13374.2548028531,-0.354867091520406,0.00234340033374891,-0.00456568254567668,0.00801415119709475,0.439082938440768,0.249444372645109,361.463993126278
"178","1","0","1","1","1","0","2",25875.1733343489,3.16627965239435,0.254919037822634,0.28052486461401,0.0255700619493537,1.80357693033032,1.18812431914227,140.006975399945
"179","0","1","0","1","1","0","3",79355.0109886767,8.07126018494228,0.576281592312735,0.923836543334182,0.0117866757346783,1.36323623316597,0.339381838366579,132.61272426758
"180","1","0","1","0","0","1","2",96365.9334443789,6.99465585691389,0.644429828568222,0.649871598682692,0.0952296184671813,2.85431973653845,1.90308467191071,85.3350662946887
"695","0","1","0","0","1","0","3",37537.2,7.24,0.9,0.9,0.241134693,7.190082692,4.670776491,77.91
"256","0","1","0","0","1","0","3",24800,0.7,0.06,0.066,0.02,1.779776332,1.172362571,79.57
"1361","1","0","0","1","0","0","2",51000,4.84,0.3,0.6,0.56,1.73,1.73,79.59
"533","0","1","0","1","0","0","3",115000,9.867,0.867,1.86,0.013,10.24,0.46,80
"559","0","0","1","0","1","0","3",40369,6.0871,0.3109,1.7139,0.043823082,0.0858,0.0858,80
"630","0","0","1","0","0","1","3",69000,7.665,0.36,0.78,0.443248133,0.138,0.138,80
"710","0","0","1","0","1","0","3",18600,22.808,0.465,0.5016,0.119484279,0.0558,2.314409245,80
"324","1","0","1","0","0","1","3",57722,4.56,0.09,0.09,0.0278,3.5,2.728673885,80.11
"317","0","1","0","1","1","0","3",33911,2.68,0.32,0.32,0,0,0,80.96
"680","0","1","0","0","1","0","3",14000,0.38,0.35,0.35,0.089934404,2.681637354,1.742028464,81
"637","0","1","0","1","0","1","3",71300,7.14,0.4,1.7781,0.45802307,3.28,3.28,81.6
"545","1","0","0","0","1","0","3",74530,7.705,0.598,0.77,0.007,9.48,3.69,81.8
"1511","1","0","0","1","0","0","2",82643.75867,7.212225495,0.582515856,0.787447532,0.081669251,5.930943776,3.906792316,82.29
"619","0","1","0","1","0","0","3",7013,0.5,0.07,0.08,0.002,1.343308769,0.87263183,82.848
"210","1","1","0","1","0","0","1",21646,1.71,0.2,0.2,0.021390758,1.553428971,1.023264525,82.99
"386","0","1","0","1","0","0","3",1300,0.0188,0.0046,0.0051,3e-04,0.0217,0.0217,83
"548","1","0","1","0","0","1","3",72986,7.198,0.581,0.64,0.012,5.84,0.3,83.4
"523","1","0","1","0","1","0","3",54493,3.759,0.234,0.32,0.033,0,0,83.665
"688","0","0","1","0","0","1","3",14000,0.31,0.0025,0.0028,0.089934404,2.681637354,1.742028464,83.77
"1441","0","1","0","0","1","0","2",440900,38.137,3.0863,3.0863,0.435701056,4.21,1,83.946
"538","1","0","1","0","0","0","3",32500,3.978,0.224,0.23,0.003,2.57,0.13,84.4
"607","1","0","1","0","0","0","3",47633,7.1295,0.39,0.39,0.03,0.3096,0.105,84.58
"227","1","1","0","0","1","0","2",138875.4,3.652,0.978865479,1.323234721,0.137237828,9.966417337,6.565012946,85
"392","1","0","1","0","0","1","2",90154,7.12,0.65,0.65,0.089090934,2.88,1.91,85
"842","1","0","1","0","0","0","2",368500,11.055,0.1489,0.6191,0.0116,0,17.41998418,85.45
"549","1","0","0","1","0","0","3",55733,6.248,0.44,0.44,0.1,1.78382667,0.444089117,86.1
"550","0","1","0","1","0","0","3",201413,16.485,1.707,2.45,0.022,9.47,1.21,86.2
"235","0","0","1","0","0","0","3",94626,2.325,0.186,0.2046,0.093510202,1.051,0.421,86.29
"543","0","1","0","1","1","0","3",38600,4.38,0.239,0.27,0.006,1.2,0.15,86.6
"502","1","0","1","0","1","0","3",57868,3.686,0.273,0.34,0.035,1.852160869,0.461101125,87.007
"257","0","0","1","1","0","0","3",45335,3.58,0.1,0.1,0.044800425,0.83,2.143107144,88
"507","0","1","0","1","0","0","3",68559,4.393,0.318,0.403,0.041,0.171,0,88.308
"308","1","0","1","0","0","1","3",52310,4.13,0.28,0.28,0.051693178,8.6,2.472834118,88.5
"915","1","0","1","0","1","0","2",148830,15.646,1.202,1.202,0.147075047,5.7418,7.035593609,88.7
"874","0","1","1","0","0","0","4",31826,4.34,0.74,0.74,0.009,1.6767,1.4023,89.05
"364","0","1","0","0","1","0","3",18038,1.43,0.16,0.16,0,0.8,0,90
"539","0","1","0","1","1","0","3",73529,8.922,0.53,1.13,0.008,2.353417028,0.585890382,90
"1310","1","0","1","0","0","1","2",191750,5.07,0.5589,0.6479,0.189488949,2.46,1.7969,90.48
"922","1","1","0","1","0","0","2",59862,6.869,0.377,1.97,0.0011,4.296006886,2.82983743,91.39
"542","1","0","1","0","1","0","3",94050.4,9.363,0.582,0.66,0.03,3.25,1.13,91.4
"612","0","1","0","1","0","0","3",13214,0.92,0.14,0.2,0.003,2.531082571,1.644226009,95.37
"1641","1","0","0","1","0","0","2",7117,0.0485,0.0012,0.0013,0.007033079,0.510752748,0.336439694,95.98
"1510","1","0","0","1","0","1","2",27195.496,0.2923,0.0326,0.0358,0.026874816,1.32,0.853,96
"418","1","0","1","0","0","0","3",55316,4.37,0.5,0.5,0,1.83,0.0044,96.5
"527","0","0","0","1","0","1","3",26262,3.444,0.165,0.165,0.0013,0.4937,0.209259656,96.54
"931","0","1","0","1","0","1","2",216000,47.8994,0.21,0.221,0,4.4906,3.6067,96.595
"307","0","1","0","1","0","0","3",31747,2.51,0.07,0.07,0.021,2.278329,1.50076591,99
"1011","0","1","0","1","0","1","2",75000,19.1129,0.2765,0.304,0,0.192,0.192,102.095
"772","0","0","1","0","1","1","3",157625,23.8635,0.03,0.04,0.86302572,12.80586272,4.715289996,104.96
"416","0","1","0","1","0","1","3",11785,0.93,0.09,0.09,0.012793357,0.37719838,0.093904693,108.41
"437","1","0","1","0","0","1","3",14487,1.15,0.18,0.18,0.002,0.072,0.072,108.42
"1501","0","1","0","1","0","1","2",32640,5.9731,0.5451,0.909,0.03225512,2.342415301,1.542980417,110.5
"358","1","0","1","0","1","0","3",54547,3.5,0.15,0.15,0.05921419,6e-04,3e-04,110.5
"281","0","0","0","1","1","1","3",26095,2.06,0.04,0.04,0,0,0,112.86
"376","1","0","1","0","1","0","3",25975,2.05,0.13,0.13,0.0069,0.06,0.06,117
"492","1","0","1","1","0","1","2",20684,1.63,0.18,0.18,0,0.208,0.029,117.4
"375","0","1","0","1","0","1","3",12600,0.9,0.0075,0.0083,0.01367809,0.4032838,0.100398738,118.5
"231","0","1","1","0","0","1","3",27803,2.8037,0.04,0.045,0.027475156,0.26,0.12,120.1
"1351","1","1","0","1","0","0","2",52000,4.55,0.4,0.63,0.29,1.104,0.104,122.167
"277","1","1","1","0","0","0","3",82591,6.52,0.52,0.52,0,0,0,122.39
"422","1","0","1","0","1","0","3",44253,3.5,0.1,0.1,0.004,0.252,0.252,123.5
"232","0","0","0","1","1","1","3",27362,0.319,0.002,0.0022,0.0015,0.119,0.119,123.98
"284","1","0","1","0","0","1","3",33070,2.61,0.15,0.15,5e-04,0.02,1.563307671,125.83
"286","0","1","1","0","1","0","2",39082,3.09,0.04,0.04,0.0166,2.082,0.3123,126
"291","1","0","1","1","0","0","2",54234,4.28,0.54,0.54,0.01,3.892112483,2.563786762,126
"801","0","1","0","1","0","1","2",103596.4,3.1079,3.4705,4.6204,0.0162,1.6834,1.4356,126.66
"381","1","0","1","1","1","0","2",34032,2.69,0.22,0.22,0,0.05,0.05,128.66
"621","0","1","1","0","1","0","2",51100,3.11,0.28,0.28,0.0015,3.667200425,2.415634169,128.84
"409","0","1","0","1","0","1","3",12321,0.89,0.08,0.08,0.013375218,0.48,0.48,129.08
"332","0","1","0","1","0","1","3",39467,3.12,0.31,0.31,0.001,2.832356148,1.865711033,130
"337","1","1","0","1","0","0","3",35354,2.79,0.11,0.11,0.038378985,1.131563133,0.28170611,130
"272","1","0","1","0","1","0","3",6882,0.54,0.04,0.04,0.005,0.493887932,0.325330614,130.99
"211","1","0","1","0","1","0","2",83660,2.0915,0.251,0.2761,0.0033,3.765,0,133.078
"613","1","0","0","0","1","0","3",21589,1.4,0.29,0.32,0.001,4.135276345,2.686332323,133.44
"279","0","1","0","1","0","1","3",59525,4.7,0.28,0.28,0,0,0,133.83
"1671","0","1","1","1","1","0","2",62426,7.18,0.0082,0.1479,0.0039,0.242,2.951044592,134.211
"722","0","1","0","1","0","1","2",35000,2.758,0.336,0.336,0.034587292,0.35,0.245,134.29
"1631","1","0","1","1","1","0","2",30000,3.69,0.3,0.33,0.02964625,2.15295524,1.41818053,136.525
"233","0","1","0","1","0","1","2",62720,2.152,0.0951,0.1625,0.061980427,3.25,2.964942761,137.831
"301","1","1","0","1","0","0","2",52082,4.11,0.4,0.4,0.005,0.36,2.462055945,138
"414","0","0","0","1","1","1","2",7131,0.56,0.04,0.04,0,0.02,0.006,139.547
"234","0","1","1","1","0","1","3",110415,36.24,0.0088,0.0097,0.109113024,2.208,2.208,144.56
"215","0","1","0","1","0","1","3",12690,0.168,0.0052,0.0057,0.0012,0.5006,0.2397,146.37
"1661","1","1","0","1","0","1","2",5228,0.1804,0.0038,0.0166,0.0014,0.1568,0.0209,147
"346","0","0","1","0","1","1","2",99245,7.84,0.74,0.74,0.035,7.122334759,4.691577557,147.5
"1001","1","0","1","0","1","0","2",5000,0.1593,0.0298,0.0328,0,0.0233,0.0113,151.487
"763","1","0","1","1","1","0","2",4655,0.472,0.023,0.026,0.00460011,0.0062,0.0046,157.92
"269","0","1","0","0","1","1","3",56880,4.49,0.43,0.43,0.0016,1.55,2.688870285,164.28
"544","1","1","1","0","1","0","2",112629,8.9,0.84,0.84,6e-04,3,5.324275164,167.71
"1591","1","1","0","1","0","0","2",97745,13.173,1.76,1.76,0.096592424,7.014686997,4.62066853,168.323
"413","1","0","1","0","1","0","3",11893,1.14,0.0437,0.0437,0.012910598,0.380655098,0.094765253,170
"1211","0","1","0","1","1","0","2",17618,1.23,0.16,0.21,0.004,0.076,0.076,170.24
"639","0","1","1","1","0","0","3",97000,10.605,0.56,1.614,0.62311694,1.194,0.194,170.35
"694","0","0","1","0","1","1","3",36000,1.62,0.18,0.18,0.231259895,6.89563891,4.479501765,170.88
"824","0","1","0","1","1","0","4",38480,2.4,0.005,0.0055,0.210685042,0.0285,0.0285,172.5
"263","1","0","1","1","0","0","3",6891,0.54,0.01,0.01,0.0022,0.494533819,0.325756068,172.72
"328","1","1","1","0","0","0","3",181078,14.31,1.25,1.25,0.101,0.05,0.05,175.5
"1031","1","0","1","1","1","0","2",280000,9.1943,0.518,0.569,0,0.5925,0.5925,185.36
"322","0","1","0","1","1","0","3",87376,6.9,0.64,0.64,0.017,0,0,191.28
"826","0","1","0","1","0","1","4",22608,1.79,0.11,0.11,8e-04,0,0,193.5
"190","0","1","1","0","1","1","2",5748,0.1722,0.0013,0.0013,0.065,0.1284,0.27172339,195.79
"521","1","1","1","0","0","1","2",49905,3.94,0.11,0.11,0,1e-04,1e-04,200.45
"236","0","0","0","0","0","1","3",1e+05,3,0.247,0.2717,0.098820834,0.4,0.4,202.29
"310","0","1","1","1","1","0","3",75254,5.95,0.15,0.15,0.0089,0.338,0.338,204.5
"623","1","1","1","1","0","0","3",83000,8.925,0.48,9.96,0.533182536,1.163,0.163,206.03
"260","1","1","0","1","0","1","3",13108,1.04,0.11,0.11,0.012953435,0.940697909,0.619650346,207
"380","1","0","1","0","1","0","3",70456,5.57,0.66,0.66,0.076484408,2.25506059,0.561404245,214
"517","0","1","1","1","1","0","3",141943,8.342,0.634,0.833,0.085,0.355,0.241,215.01
"403","0","1","1","1","1","0","3",20891,1.24,0.08,0.08,0.022678491,0.76,0.76,219
"387","0","1","0","1","1","0","3",10256,0.361,0.02,0.022,0.011133531,0.0689,0.0689,219.89
"1791","1","0","0","1","0","0","2",2e+05,21.409,2,2.2,0,0.002,0,220
"1801","0","1","0","1","0","1","2",36000,1.05,0.06,0.06,0.0355755,2.583546288,1.701816636,222.66
"197","1","0","0","1","0","1","2",7289.7,0.9901,0.0507,0.0507,0.007203742,0.523146594,0.344603687,222.815
"383","1","0","1","0","1","0","3",29943,2.37,0.13,0.13,0.012,1.5,1.5,224.5
"981","1","1","0","1","1","0","2",544000,174.0063,1.68,1.848,0,80.77,2.452,234
"406","0","1","0","1","0","1","3",110000,3.069,0.132,0.132,0.1194119,5e-04,5e-04,238.56
"354","1","0","1","0","1","0","3",4594,0.36,0.04,0.04,0.001,0.0068,0.0068,241.269
"622","1","1","0","1","0","1","3",160000,15.015,0.74,2.11,1.027821757,1.322,0.322,244.13
"629","0","1","0","1","0","1","3",162900,17.115,0.73,2.78,1.046451026,7.3,7.3,244.28
"361","1","0","1","0","1","0","3",45095,3.56,0.21,0.21,0.012,0.244,0.244,254.5
"283","1","1","0","0","1","1","3",85103,6.72,0.2,0.2,0.031,0,0,255.78
"438","1","1","0","1","0","1","3",32130,2.57,0.32,0.32,0.03487913,0.9,0.136,259.96
"382","1","0","0","1","0","1","3",72098,5.7,0.16,0.16,0.002,0.198,0.174,265
"1531","0","0","1","0","0","1","2",15000,0.15,0.1365,0.15,0.014823125,1.07647762,0.709090265,266.1
"274","1","1","0","1","1","0","3",87376,6.9,0.64,0.64,0.003,0.472,0.094,273.385
"336","1","0","1","1","1","0","3",57481,4.54,0.11,0.11,0,3.0328,1.2107,275.85
"327","1","1","0","1","0","1","3",20912,1.65,0.16,0.16,9e-04,1.500753333,0.988566375,291.21
"341","1","1","1","1","0","0","3",195333,15.43,0.46,0.46,0.011,6.251955123,1.55644339,293
"1321","0","1","1","1","0","1","2",114950,12.075,0.4,1.25,0.113594548,12.2,12.2,294.02
"242","1","0","1","0","1","1","2",187202,18.1489,0.161,0.176,0.0256,3.234,3.234,295.96
"355","0","1","0","1","0","1","3",44770,3.54,0.1,0.1,0.009,0.011,0.007,298.49
"666","1","0","1","1","1","0","3",3e+05,31.5,2,4,0.2,57.46365758,37.32918138,299.39
"1411","1","0","1","0","1","0","2",286600,22.4981,1.5196,1.6307,0.28322051,20.56789906,13.54835133,303.297
"656","1","1","0","0","1","0","3",35285,2.7614,0.1713,0.6783,0.0015,6.75868386,4.390533883,311.59
"420","1","0","1","0","1","0","3",96088,7.59,0.24,0.24,0.007,1.046,0.332,312.68
"329","1","1","0","1","0","1","3",89649,7.08,0.51,0.51,0,0.56,0.45,314.24
"334","1","1","1","0","1","0","3",261636,20.67,1.86,1.86,0.02,0.12,0.01,319.83
"287","1","1","1","0","1","0","3",19842,1.57,0.16,0.16,0.01960803,1.423964596,0.937984603,321.044
"289","1","1","0","1","0","1","3",60127,4.75,0.4,0.4,2e-04,4.315024657,2.842364691,324.959
"264","1","0","1","0","1","0","3",28139,2.22,0.05,0.05,0.03,2.01940025,1.330206064,328.75
"251","1","0","1","1","1","0","2",108788,3.231,0.4352,0.4787,0.012,0.2676,0.0795,332.355
"1131","1","1","1","1","0","0","2",70521,5.4592,0.77,0.847,0.04,20.99,5.45,340
"1721","1","0","1","1","1","1","2",24717,1.8,0.19,0.35,0.03,1.773819822,0,345.7
"323","0","0","1","1","1","1","3",254451,20.1,1.48,1.48,0,0,0,353.8
"395","0","1","1","1","1","1","3",12046,0.189,0.004,0.0044,0.013076689,0.385552116,0.095984381,356.7
"300","0","1","1","1","1","1","3",48101,3.8,0.12,0.12,0.03,0,0,360
"338","0","1","0","1","0","1","3",50747,4.01,0.2,0.2,0,0.005,0,363.2
"681","0","1","1","1","1","1","2",92498,7.29,0.36,0.36,0,0.43,0.25,373.68
"228","1","1","1","1","0","0","3",346374,11.459,2.441422682,3.300326071,0.342289675,24.85759061,16.37402876,387.828
"423","0","0","1","0","1","1","3",35956,2.84,0.3,0.3,0.0144,0.004,0.004,388.176
"651","0","0","1","1","1","1","3",24483,3.82,0.13,0.13,0.157276,0.05,3.046434492,421
"191","0","1","1","1","1","1","2",9445,0.4675,0.0019,0.0019,0.009333628,0.677822075,0.446490504,433.36
"330","1","0","1","1","1","0","3",48532,5.035,0.083,0.0913,0,0.129,0.015,435.8
"200","1","1","1","1","1","0","2",19560,1.983,0.3966,0.3966,0.019329355,1.403726816,0.924653706,446.95
"325","1","1","0","1","1","0","3",103917,8.21,0.83,0.83,0.0017,0.171,0.154,450.421
"810","1","1","1","1","1","0","1",48283,1.07,0.0018,0.04,0.006,0.23,0.19,466.56
"238","1","1","1","1","0","0","3",60500,2.637,0.484,0.5324,0.059786604,0.242,0.242,486
"344","1","1","1","1","1","0","3",44494,3.52,0.1,0.1,0.048301028,1.424103921,0.354535036,486.316
"436","0","1","1","0","0","1","3",141263,7.9,1,2.3,0.024,57.9,10.45,487.89
"237","0","0","1","1","1","1","3",88416,5.24,0.7,0.77,0.087373428,0.353,0.353,490
"660","1","1","0","1","0","0","3",29643,2.35,0.13,0.19,0.014,0.29,0.29,498.84
"514","1","1","1","0","1","1","1",70000,11.222,0.535,0.55,0.069174584,5.023562226,3.309087903,521
"408","1","1","1","1","0","1","3",14620,1.15,0.08,0.08,0.015870927,0.008,0.008,522.86
"431","0","1","1","1","1","1","2",108138,8.54,0.76,0.76,0,0.1117,0.0809,547.97
"1181","0","1","0","1","1","1","2",65000,5.2,0.66,0.95,0.01,4.664736353,3.072724482,561.7
"614","1","0","1","1","1","1","1",73372,7.554,0.254,0.3559,0.0453,0.3,3.468491395,579.528
"202","0","1","1","1","1","1","2",103916,47.3408,5.9659,5.9659,0.102690658,164,164,607.24
"1271","0","1","1","1","1","1","2",470000,37.5,3.1,5.44,0.42,1.94,0.94,607.924
"501","1","1","1","1","1","1","2",144322,11.4,1.09,1.09,0.49,26,13.96,617.24
"951","1","0","1","1","1","1","2",136840,6.1304,1.1501,1.2652,0.135226429,0.2736,0.2736,645.593
"532","1","1","1","0","1","1","2",187126,14.78,1.34,1.34,0.06,8.2,2.3,704.78
"691","1","1","1","1","0","0","2",59398,4.19,0.41,0.41,0.014,1.12,0.238,712
"741","1","1","1","1","1","0","2",343013,30.53,3.12,3.12,0.338968307,9,1,712.798
"1741","1","1","1","1","1","0","2",450000,21.504,4.05,4.05,0.444693752,32.2943286,21.27270795,761.178
"713","0","1","1","1","1","1","2",182776,14.0555,1.7638,1.7638,0.180620767,13.11695156,8.640312152,873.04
"421","1","0","1","1","0","1","2",83714,6.61,0.64,0.64,0.025,0.196,0.196,886.07
"411","1","1","1","1","1","1","3",133188,10.96,0.66,0.66,0.144583929,10.1,6,937.5
"181","1","1","1","0","1","1","2",143120,6.44,0.1732,0.1732,0.036,10.2710318,6.765666582,947.406
"192","1","1","1","1","1","1","2",201307.5,6.0392,0.4026,0.4026,0.19893375,14.4468679,9.516345902,1101.435
"601","1","1","1","1","1","1","2",69100,2.3033,0.3946,0.4341,0.068285196,3.8388,3.266542487,1107.3
"452","1","0","1","1","1","1","2",211116,16.68,1.51,1.51,0.03,0,0,1129.29
"326","0","1","1","0","1","1","3",55316,4.37,0.12,0.12,0.054663732,3.969762402,2.614935807,1243.574
"206","1","1","1","0","1","0","2",230000,33.4155,0.0434,0.0477,0.227287918,1.7115,1.6512,1506.8
"407","0","1","1","1","0","1","3",26577,1.77,0.1,0.1,0.028851001,0.13,0.13,1761
"262","1","0","1","0","1","0","2",170925,7.29,0.807,0.8877,0.02,3.84,0.684,1766.8
"189","1","1","1","1","0","1","2",266033,11.1637,0.138,1.01,0.019,6.9975,3.1718,1767.98
"871","1","1","1","1","0","1","2",160000,14.5758,0.9453,0.9453,0.0464,0.8,0.32,1871.27
"183","1","1","1","1","1","1","1",144743,4.0206,0.3217,0.3217,0.143036239,0,0,2155.106
"391","1","1","1","0","1","0","3",54234,4.28,0.46,0.46,0.058874409,1.7358487,0.432144854,2248.25
"882","0","1","1","0","0","1","2",132671,32.2572,1.5667,1.5667,0.131106588,0.6634,0.2653,2670.315
