staff,process_1,process_2,process_3,process_4,process_5,process_6,process_7,process_8,process_9,process_10,process_11,COD,pH,water,P,NH3N,N,Cr6,Cr,Ni,Fe,Cu,Zn,HW17
5,1,1,1,1,0,0,0,0,1,0,0,9077.186293,7.4976,32393,3.218238,136.33634,207.0574554,0,0,0.066494919,0,10.7881481,0,21.312
5,1,1,1,1,0,0,0,0,1,1,1,33979.7,7.261111111,207963,21.49966292,3578.6,1329.30848,0,0,240.097691,0,13.32696907,0,4.5105
5,0,0,1,0,0,0,0,0,0,0,0,1341.2243,7.362096774,57027,5.895574105,68.2453,364.5190476,0,0,0.0011,0,8.0237,0,40.688
4,1,1,1,1,0,0,0,1,1,1,1,623.413,7.317692308,22242.696,8.137166485,224.712,142.1762737,0,0,0.12141488,0,0.238992039,0,4.4
5,1,1,1,1,0,0,0,0,1,1,1,46075.7,7.170322581,259758,26.8543416,4526.72,1660.384358,0,0,299.8961162,0,16.64616702,0,4.5595
5,0,0,1,0,0,0,0,0,0,0,0,1093.5021,7.4845,58881,6.087244619,128.1497,376.3698957,0,0,0.0196,0,1.9944,0,26.875
5,1,1,1,1,0,0,0,0,1,0,0,2676.586,7.441111111,21935,2.267687551,307.275,140.2094676,0,0,0.2483,0,1.405668636,0,2.945
5,1,1,1,1,0,0,0,0,1,0,1,13456.813,7.801290323,64898,24.52500036,1021.3805,414.8308197,0,0,2.5367354,0,1.313442703,0,19.952
5,0,0,1,0,0,0,0,0,0,0,0,2527.852242,7.493469655,98825.448,10.2167877,157.012847,631.696533,0,0,0.0019,0,5.0808,0,38.22
5,1,1,1,1,0,0,0,0,1,1,0,639.890881,7.4976,11375,1.175972004,4.960894265,72.70949141,0,0,0.005623896,0,2.252917992,0,10.38
4,0,0,1,0,0,0,0,0,0,0,0,94.5696,7.4976,734.0534,0.075888022,1.483175522,4.692101045,0,0,0.008250322,0,0.047040613,0,0.012
4,1,1,1,1,0,0,0,0,1,1,1,74.057,7.4976,3061.626,0.316517491,6.186101366,19.57004566,0,0,0.03441085,0,0.1961993,0,13.66
4,1,1,1,1,0,0,0,0,1,1,1,757.792296,7.803870968,11579,2.52,12.838257,95.916239,0,0,0.210305,0,2.108092,0,11.67
4,1,1,1,1,0,0,0,0,1,0,0,282.1310746,7.4976,6032,0.623601154,12.1878255,38.55680459,0,0,0.067796082,0,0.386550865,0,72.518
5,1,1,1,1,0,0,0,0,1,1,0,3418.427971,8.014333333,198969,4.115437036,66.819993,293.9937381,0,0,2.236292872,0,7.424289518,0,60.1438
3,1,1,1,1,0,0,0,0,1,1,0,164.735959,7.4976,1023,0.105759944,8.680286,6.539060195,0,0,0.01149791,0,0.065557284,0,4.04
5,1,1,1,1,0,0,0,0,1,1,0,743.548152,6.977083333,21813,2.255074929,21.745262,139.4296383,0,0,0.245165108,0,1.397850466,0,5.796
5,1,1,1,1,0,0,0,0,1,1,1,8376.5,7.627419355,59243,6.124668959,623.017,378.6838154,0,0,0.665855981,0,3.796490861,0,39.047
5,1,1,1,1,0,0,0,0,1,1,1,13982.98,7.46,149735.9,15.4800199,1871.870986,957.1183416,0,0,1.682942196,0,9.595580505,0,2.18
2,1,0,1,0,0,0,0,0,0,0,0,473.211,7.935119226,12414.578,1.283445817,25.0840037,79.3545189,0,0,0.74,0,0.979,0,9.25
5,1,1,1,1,0,0,0,0,1,0,1,8571.475,7.801290323,53339,20.15684604,514.00978,340.9451923,0,0,2.084916785,0,1.079505075,0,45.56
5,1,1,1,1,0,0,0,0,1,1,1,2763.4,7.002,154688,15.99197866,312.5514508,988.7723787,0,0,4.4641,0,9.9828,0,37.86
5,1,1,1,1,0,1,0,1,1,1,1,12348.824,7.215096774,153578.007,15.87722519,310.3086787,981.6772555,0,0,1.726125187,0,22.996,0,57.83
5,1,1,1,1,0,0,0,0,1,0,0,7157.838238,7.4976,34498,4.311144338,159.658564,220.5127064,0,0,0.07081597,0,11.48919622,0,24.15
1,1,1,1,1,0,1,0,0,1,0,1,47.847085,7.4976,1173,0.121267267,7.148829,7.497866675,0,0,0.01318382,0,0.075169788,0,4.76
5,1,1,1,1,0,0,0,0,1,1,1,15040.15,7.411110125,85280,8.816430106,1000.1374,545.1134442,0,0,0.958496329,0,5.465029465,0,6.422
5,1,1,1,1,0,0,0,0,1,1,1,798.989948,7.347419355,35816,3.485378738,16.825815,147.6972295,0,0,0.729499627,0,0.875498423,0,29.113
1,1,1,1,1,0,0,0,0,1,1,0,144.837,6.95,77,0.007960426,0.99099,0.492187326,0,0,0.000865434,0,0.004934419,0,1.102
1,1,1,1,1,0,1,0,0,1,0,1,85.03849,7.4976,886,0.091596589,6.644728,5.663350276,0,0,0.009958111,0,0.056777862,0,5.14
2,1,1,1,1,0,0,0,0,1,1,0,589.512,7.797586207,7304,0.755103254,0.650993,46.68748354,0,0,0.082092603,0,0.468064906,0,15.402
5,1,1,1,1,0,0,0,0,1,0,1,13013.285,7.801290323,60450.373,22.84423895,516.95495,386.4013957,0,0,2.362886393,0,1.223429094,0,27
4,1,1,1,1,0,0,0,1,1,1,1,181.812,7.48049229,9245.185,1.61,131.408,59.09562192,0,0,0.050466141,0,0.03,0,44.18
4,1,1,1,1,0,0,0,0,1,0,0,1184.621,7.4976,18264.2,1.88819234,36.90332933,116.7455554,0,0,0.205278713,0,0.822104,0,22.552
5,1,1,1,1,0,0,0,0,1,0,0,903.301309,7.4976,32633,3.373669837,8.228645,208.5915458,0,0,0.366775454,0,2.091232488,0,22.62
4,1,1,1,1,0,0,0,1,1,1,1,167.496584,7.292903226,8282.155363,3.029905954,37.681565,52.93989488,0,0,0.045209308,0,0.088989626,0,18.78
1,1,1,1,1,0,1,0,0,1,0,1,69.483351,7.4976,971,0.100384072,6.803552,6.206673948,0,0,0.010913461,0,0.062224949,0,5.46
5,0,0,1,0,0,0,0,0,0,0,0,710.7592,7.243114754,53688,5.550381092,74.3691,343.1760154,0,0,0.0135,0,1.2837,0,75.204
2,1,0,1,0,0,0,0,0,0,0,0,283.478,7.943266129,8655.095,0.894782366,17.48786266,55.32374115,0,0,0.373,0,0.512,0,10.18
5,1,1,1,1,0,0,0,0,1,0,0,6962.206748,7.4976,37352,4.667802868,149.132403,238.7555976,0,0,0.076674536,0,12.43969091,0,24.18
5,0,0,1,1,0,0,0,0,0,1,0,2218.15,7.574333333,30688.76,22.58775901,108.53,204.9126728,0,0,0.344923356,0,1.966639044,0,32.87
5,1,1,1,1,0,0,0,0,1,1,1,14460.84831,7.19,65825,6.805130297,1022.822101,420.7562437,0,0,0.015188007,0,1.227084687,0,73.96
4,1,1,1,1,0,0,0,0,1,1,1,309.604,7.338333333,21186.2,2.190274994,37.78077,135.4231057,0,0,0.23812025,0,0.51397,0,24.383
5,1,1,1,1,0,0,0,0,1,0,0,62.339067,7.453,25998,1.31767662,12.19411928,166.1803391,0,0,0.701622505,0,0.180225918,0,39.154
4,1,1,1,1,0,0,0,1,1,1,1,778.758,7.317692308,28085.632,10.27471955,222.363,179.5245731,0,0,0.153309366,0,0.301772881,0,63.14
4,1,1,1,1,0,0,0,0,1,1,1,394.0022761,7.4976,5247.708,0.542519357,10.60314148,33.54357624,0,0,0.058981108,0,0.336290793,0,14.74
5,1,1,1,1,0,0,0,0,1,1,1,42286,7.110333333,224590,23.218598,4333.91,1435.588983,0,0,259.2939149,0,14.3924832,0,14.9485
1,1,1,1,1,0,0,0,0,1,1,0,54.549,6.95,29,0.002998082,0.37323,0.185369253,0,0,0.000325943,0,0.001858418,0,1.351
5,1,1,1,1,0,1,0,1,1,1,1,13777.207,7.192572464,144609.415,14.95003283,292.1873866,924.349628,0,0,1.625323563,0,18.83,0,24.95
5,1,1,1,1,0,0,0,0,1,1,0,980.15529,7.4976,11215,1.159430859,4.891114653,71.6867645,0,0,0.00554479,0,2.221228596,0,6.875
5,1,1,1,1,0,0,0,0,1,0,0,708.666445,7.4976,26033,2.691347619,3.99697,166.4040607,0,0,0.292595391,0,1.668282271,0,21.23
2,1,0,1,0,0,0,0,0,0,0,0,266.564,7.945333333,7305.612,0.755269906,14.76119434,46.69778751,0,0,0.515,0,0.659,0,7.62
5,1,1,1,1,0,0,0,0,1,1,0,668.081589,7.479677419,36088,3.730855179,9.5042,230.676055,0,0,0.405607593,0,2.312640518,0,52.463
1,1,1,1,1,0,0,0,0,1,0,0,202.9392159,7.4976,4338.8675,0.448561469,8.766803707,27.7342285,0,0,0.048766283,0,0.278049235,0,5.8
5,1,1,1,1,0,0,0,0,1,1,1,11968.6,7.588709677,82655,8.545051952,1071.77,528.3343308,0,0,0.928992895,0,5.296810629,0,19.237
5,1,1,1,1,0,0,0,0,1,0,0,6849.93713,7.4976,29229,4.470009,80.407281,186.8330307,0,0,0.06,0,5.95,0,16.109
2,1,0,1,0,0,0,0,0,0,0,0,267.985,7.958064516,7579.124,0.783546166,15.31383302,48.44608803,0,0,0.396,0,0.827,0,4.17
4,0,1,1,0,0,0,0,0,0,0,0,40.232279,7.743,1183,0.122301088,2.390284743,7.561787107,0,0,0.013296214,0,0.075810622,0,0.605
5,1,1,1,1,0,0,0,0,1,0,0,11570.76,7.4976,47793,9.18,142.02,305.4949207,0,0,0.151044,0,11.337071,0,22.04
2,1,1,1,1,0,0,0,0,1,1,0,1240.757,7.645,7624,0.788185543,3.7666,48.73293737,0,0,0.085689212,0,0.488571584,0,22.37
5,1,1,1,1,0,1,0,1,1,1,1,12627.944,7.451612903,133138.632,13.76415858,269.0103472,851.0278875,0,0,1.496398805,0,8.884,0,13.35
4,1,1,1,1,0,0,0,1,1,0,1,7.7126,7.4976,473.46,0.048947315,0.956639234,3.026376774,0,0,0.005321408,0,0.030340911,0,68.552
5,1,1,1,1,0,0,0,0,1,0,0,707.307365,7.4976,24440,2.526659848,11.468072,156.2215358,0,0,0.274691021,0,1.566197469,0,28.95
4,1,1,1,1,0,0,0,0,1,0,0,294.5797,7.428709677,16553.97,1.711385078,33.44776156,105.8136914,0,0,0.186056748,0,0.076405,0,1.825
4,0,0,1,0,0,0,0,0,0,0,0,29.4013,7.4976,370.3333,0.038285854,0.748268839,2.367186452,0,0,0.004162325,0,0.023732204,0,0.019
4,1,1,1,1,0,0,0,0,1,0,0,415.2453051,7.4976,8878,0.917826765,17.93824847,56.74855954,0,0,0.099783424,0,0.568932125,0,49.14
5,1,1,1,1,0,0,0,0,1,0,1,12356.215,7.859677419,73424,21.64,763.9256,469.32938,0,0,2.87,0,2.1,0,42
4,1,1,1,1,0,0,0,0,1,0,0,1186.8269,7.505,15527.22,1.605237452,31.37318433,99.25066103,0,0,0.174516691,0,0.045947,0,17.4925
4,1,1,1,1,0,0,0,0,1,0,0,1017.112458,7.4976,21746,2.248148324,43.93840407,139.0013715,0,0,0.244412068,0,1.39355688,0,34.427
5,1,1,1,1,0,0,0,0,1,0,0,13860.52806,7.774516129,32792,3.390107599,421.629206,209.6078807,0,0,0.368562519,0,2.12447,0,8.02
5,0,0,1,1,0,0,0,0,0,1,0,3522.72,7.377419355,36853.57,27.12522623,54.5,246.075877,0,0,0.414212143,0,2.36170082,0,57.77
1,1,1,1,1,0,0,0,0,1,1,1,44.33686,7.4976,3824,0.395333357,2.747034,24.4431732,0,0,0.042979479,0,0.245054792,0,3.23
4,1,1,1,1,0,0,0,1,1,1,1,342.422,7.317692308,15495.671,5.668865623,46.173,99.04899846,0,0,0.084585296,0,0.166496993,0,47.76
4,1,1,1,1,0,0,0,1,1,1,1,714.138,7.317692308,28371.208,10.37919337,302.639,181.3499872,0,0,0.154868223,0,0.304841321,0,17.26
5,0,0,1,1,0,0,0,0,0,1,0,8307.43,6.831290323,53687.17,39.51521201,185.19,358.4759208,0,0,0.603411766,0,3.440454573,0,56.306
2,1,1,1,1,0,0,0,0,1,1,0,358.773,8.086,6270,0.648206107,0.168329,40.07811087,0,0,0.07047106,0,0.401802706,0,14.531
3,1,1,1,1,0,0,0,0,1,1,0,434.365213,7.4976,2852,0.294845904,23.104249,18.23010721,0,0,0.032054779,0,0.18276576,0,14.27
5,1,1,1,1,0,0,0,0,1,1,0,3565.5561,8.036129032,206795,4.277308535,93.32061,305.5573234,0,0,2.324252444,0,7.716307319,0,75.427
4,1,1,1,1,0,0,0,1,1,1,1,552.592,7.317692308,24160.727,8.8388502,71.263,154.4364108,0,0,0.131884721,0,0.259600788,0,20.7
4,0,1,1,0,0,0,0,0,0,0,0,34.42484895,7.4976,7636.2119,0.789448036,15.42918072,48.81099636,0,0,0.093824239,0,0.489354163,0,9.05
4,1,1,1,1,0,0,0,0,1,0,0,965.8966879,7.4976,20651,2.134944865,41.7259258,132.0020841,0,0,0.232104921,0,1.323385594,0,60.004
4,1,1,1,1,0,0,0,0,1,1,1,317.948,7.622580645,23791.6,2.459626859,86.9142,152.076935,0,0,0.267403392,0,0.473072,0,2.332
5,1,1,1,1,0,0,0,0,1,1,0,459.371269,7.4976,11886,1.228800284,2.562083,75.97582549,0,0,0.008661,0,2.354126,0,1.86
5,1,1,1,1,0,0,0,0,1,1,0,1410.948,6.661666667,48569.2,5.021188522,510.223,310.4564246,0,0,0.545888836,0,3.9317,0,30.124
5,1,1,1,1,0,0,0,0,1,1,1,877.361559,7.131290323,40117,3.903923912,44.824149,165.4335982,0,0,0.817102315,0,0.980633523,0,47.814
5,1,1,1,1,0,1,0,1,1,1,1,18879.501,7.352914419,181870.343,18.80214784,367.4741386,1162.523089,0,0,2.044114167,0,17.246,0,53.94
5,1,1,1,1,0,0,0,0,1,0,1,8304.1929,7.801290323,59368,22.43520943,970.515931,379.4828208,0,0,2.320578557,0,1.201523412,0,38.4
3,1,1,1,1,0,0,0,0,1,1,0,96.17997203,7.4976,615,0.063580025,4.439052248,3.931106569,0,0,0.006912233,0,0.03941127,0,8.15
5,1,1,1,1,0,0,0,0,1,1,1,724.72164,7.422647207,24311,2.365787427,9.133532,100.2531647,0,0,0.495165999,0,0.59426631,0,65.5
5,1,1,1,1,0,0,0,0,1,0,0,69.11565,7.524333333,26089,1.322288843,12.23680198,166.7620151,0,0,0.704078372,0,0.180856757,0,68.669
5,1,1,1,1,0,0,0,0,1,1,0,881.87724,7.4976,10491,1.084582179,4.57536191,67.05892522,0,0,0.005186839,0,2.077834079,0,1.86
1,1,1,1,1,0,0,0,0,1,1,0,133.2478016,6.95,70.83881,0.007323469,0.911695485,0.452804734,0,0,0.000796186,0,0.004539589,0,0.778
5,1,1,1,1,0,1,0,1,1,1,1,14157.644,7.15137931,178793.654,18.4840731,361.2576021,1142.85676,0,0,2.009534018,0,29.952,0,37.15
5,0,0,1,0,0,0,0,0,0,0,0,2845.372706,7.709021565,116498,12.04381419,99.141855,744.6602488,0,0,0.00498073,0,15.791,0,43.41
5,1,1,1,1,0,0,0,0,1,1,0,1059.205,6.768666667,37121,3.837648944,282.9045,237.2790357,0,0,0.417217897,0,1.9131,0,0.568
5,1,1,1,1,0,0,0,0,1,1,1,9773.632814,7.800967742,50713,5.242819184,1159.571908,324.1596869,0,0,0.011701168,0,0.945372514,0,6.94
4,0,1,1,0,0,0,0,0,0,0,0,53.642726,7.696774194,2013,0.208108276,4.067323066,12.86718296,0,0,0.022624919,0,0.128999816,0,5.857
3,1,1,1,1,0,0,0,0,1,1,0,469.796156,7.4976,3004,0.310559991,21.68278529,19.20169778,0,0,0.033763168,0,0.192506432,0,8.34
4,1,1,1,1,0,0,0,1,1,0,1,189.862064,7.4976,9098.00475,0.94057133,18.38277425,58.15483941,0,0,0.102256146,0,0.58303077,0,25.7
5,1,1,1,1,0,0,0,0,1,0,0,170.869266,7.4976,7715,0.797593319,0.429365,49.3146133,0,0,0.086711998,0,0.49440317,0,5.43
5,1,1,1,1,0,0,0,0,1,1,1,688.63181,7.509857133,29508,2.871525458,21.308527,121.6844384,0,0,0.601018399,0,0.721303537,0,60.05
1,1,1,1,1,0,1,0,0,1,0,1,38.707524,7.4976,748,0.077329851,3.996229,4.781248314,0,0,0.008407074,0,0.047934358,0,4.54
2,1,1,1,1,0,0,0,0,1,1,1,48.34066335,7.438709677,2024,0.151897152,5.779379454,12.93749544,0,0,0.022748553,0,0.129704733,0,14.26
5,1,1,1,1,0,0,0,0,1,1,1,13782.90872,7.799666667,68235,7.054281289,1033.359009,436.1610678,0,0,0.015744074,0,1.272010993,0,25.167
5,1,1,1,1,0,1,0,0,1,1,1,1998.775575,7.420125,68181,7.048698653,41.353729,435.8158975,0,0,0.766313769,0,4.369267987,0,61.66
5,1,1,1,1,0,0,0,0,1,0,0,1878.999,7.083666667,16824,1.739301362,202.086,107.5397348,0,0,0.0205,0,1.078138552,0,3.433
5,1,1,1,1,0,0,0,0,1,0,0,558.108842,7.4,34594,1.753354296,16.22599286,221.1263425,0,0,0.933607544,0,0.239815963,0,45.513
5,1,1,1,1,0,0,0,0,1,0,0,4421.413,7.483333333,21568,2.229746301,488.223,137.8635878,0,0,0.0329,0,1.382150041,0,8.48
2,1,1,1,1,0,0,0,0,1,1,1,40.359833,7.101,1634,0.24067,1.38337,10.44459859,0,0,0.018365185,0,0.10471222,0,2.86
5,1,1,1,1,0,0,0,0,1,1,0,1592.568,7.568387097,48481,5.012070216,1058.053,309.8926464,0,0,0.54489752,0,1.8201,0,0.361
5,1,1,1,1,0,0,0,0,1,0,0,261.078614,7.414642857,27375,1.38746817,12.83998828,174.9821826,0,0,0.738784371,0,0.189771694,0,47.399
4,1,1,1,1,0,0,0,0,1,1,1,718.52036,7.768064516,13170,1.611695,39.304976,125.815499,0,0,0.040186,0,1.544325,0,19.08
4,0,1,1,0,0,0,0,0,0,0,0,78.843765,7.411,1431,0.147939863,2.891375712,9.147013821,0,0,0.016083586,0,0.091703297,0,6.337
4,1,1,1,1,0,0,0,0,1,1,1,402.576,7.4976,3869.37,0.400023806,7.818170816,24.7331802,0,0,0.043489411,0,0.247962254,0,9.82
5,1,1,1,1,0,0,0,0,1,0,0,7841.358559,7.4976,32938,4.906154,111.972467,210.541119,0,0,0.067613671,0,10.96965462,0,19.574
5,0,0,1,0,0,0,0,0,0,0,0,1600.1301,7.397368421,53906,5.572918402,110.3054,344.5694808,0,0,0.0093,0,1.2953,0,25.343
5,1,1,1,1,0,0,0,0,1,0,0,1097.606549,7.4976,33071,3.41895122,6.108656,211.3912607,0,0,0.371698313,0,2.119301002,0,32.16
4,1,1,1,1,0,0,0,0,1,1,0,1682.41782,7.4976,7345,0.759341922,23.442137,46.94955731,0,0,0.082553419,0,0.470692324,0,8.74
5,1,1,1,1,0,1,0,0,1,1,1,1706.292062,7.420125,72877,7.534181248,28.233729,465.8329324,0,0,0.819094008,0,4.670203475,0,65.607
4,1,1,1,1,0,0,0,0,1,0,0,1804.79,7.459032258,22564.4,2.332756279,45.59200427,144.2326196,0,0,0.253610396,0,1.224565,0,20.717
4,1,1,1,1,0,0,0,0,1,0,0,950.5085706,7.4976,20322,2.100932137,41.06117205,129.8991019,0,0,0.228407158,0,1.302302167,0,46.132
2,1,0,1,0,0,0,0,0,0,0,0,203.279,7.955819433,7233.961,0.747862471,14.61642148,46.23979123,0,0,0.208,0,0.539,0,6.72
5,1,1,1,1,0,0,0,0,1,1,0,469.165691,7.4976,11174,1.155192191,2.92676,71.42469073,0,0,0.008632,0,2.976074,0,19.37
5,1,1,1,1,0,0,0,0,1,1,0,4396.473,7.235091258,42107,4.353112365,655.8792,269.1497631,0,0,0.473257563,0,2.0459,0,55.771
5,1,1,1,1,0,0,0,0,1,0,1,4908.3611,7.799677419,34793,13.14829945,640.82613,222.3983591,0,0,1.359990058,0,0.704160559,0,17.62
5,1,1,1,1,0,0,0,0,1,1,1,14158.22,7.512258065,88009,9.098560005,1411.31,562.5573301,0,0,0.020306591,0,1.653288,0,58.12
4,0,1,1,0,0,0,0,0,0,0,0,14.301,7.4976,3172.286,0.32795776,6.409693005,20.27738916,0,0,0.042,0,0.203290765,0,1.1
1,1,1,1,1,0,0,0,0,1,1,0,1.881,6.95,1,0.000103382,0.01287,0.006392043,0,0,1.12E-05,0,6.41E-05,0,0.6995
2,1,1,1,1,0,0,0,0,1,1,0,548.897,7.933333333,13840.86,1.430897922,2.404256031,88.47137506,0,0,0.15556301,0,0.886968899,0,56.05
5,1,1,1,1,0,0,0,0,1,0,1,1241.86431,7.839333333,14728,5.565721675,146.259178,94.14201227,0,0,0.575688603,0,0.298073656,0,10.5
5,1,1,1,1,0,0,0,0,1,0,0,755.500863,7.4976,24431,2.525729408,17.267317,156.1640074,0,0,0.274589867,0,1.565620718,0,22.15
5,1,1,1,1,0,0,0,0,1,0,0,4469.027,7.376774194,22001,2.274510774,477.511,140.6313425,0,0,0.0419,0,1.409898139,0,3.515
5,1,1,1,1,0,0,0,0,1,0,0,113.244394,7.304932806,27815,1.409769028,13.04636618,177.7946816,0,0,0.750658896,0,0.192821906,0,47.301
5,1,1,1,1,0,0,0,0,1,0,1,8345.4706,7.779354839,52874,19.98112221,461.44735,337.9728922,0,0,2.066740848,0,1.07009414,0,33.9
5,1,1,1,1,0,0,0,0,1,0,0,18.396774,7.490909091,8414,0.42645323,3.946508179,53.78265149,0,0,0.227073304,0,0.058328367,0,50.48
5,1,1,1,1,0,1,0,1,1,1,1,3310.612,7.545,120103.526,12.41656124,242.6725492,767.7069268,0,0,1.349891989,0,9.725,0,48.29
4,1,1,1,1,0,0,0,0,1,0,0,800.836913,7.4976,17122,1.770109243,34.59548213,109.4445637,0,0,0.192441066,0,1.097235395,0,28.018
4,0,1,1,0,0,0,0,0,0,0,0,27.71103651,7.4976,6146.9361,0.635483495,12.42005712,39.29148111,0,0,0.075525877,0,0.393916357,0,3.45
2,1,0,1,0,0,0,0,0,0,0,0,488.096,7.803076923,9946.091,1.028248313,20.09635635,63.57584335,0,0,0.986,0,1.442,0,7.52
5,1,1,1,1,0,0,0,0,1,1,1,44386.5,7.493333333,419193.96,43.33717459,5240.406685,2679.505902,0,0,4.711490055,0,26.86336003,0,7.703
5,1,1,1,1,0,0,0,0,1,1,0,705.71573,7.494642857,23604,2.440232367,5.475197,150.8777877,0,0,0.26529488,0,1.512623775,0,52.681
5,1,1,1,1,0,0,0,0,1,1,1,2533.501,7.829032258,106314,10.99097034,214.8104245,679.5636809,0,0,2.3776,0,2.0767,0,70.04
5,1,1,1,1,0,0,0,0,1,1,1,22914.8,7.092903226,153428,15.86171715,2838.99,980.7184043,0,0,177.1358777,0,9.832182702,0,11.0015
5,1,1,1,1,0,0,0,0,1,0,0,563.750393,7.514516129,33952,1.65358,28.110561,217.0226508,0,0,0.870404,0,0.376726,0,38.916
4,1,1,1,1,0,0,0,0,1,0,0,318.805,7.713333333,20110.6,2.079077149,40.63403241,128.547824,0,0,0.226031148,0,0.183517,0,31.853
5,1,1,1,1,0,0,0,0,1,1,0,1765.748,7.417,50770,5.248711967,570.639,324.5240333,0,0,0.570624515,0,1.5235,0,0.641
5,1,1,1,1,0,0,0,0,1,1,1,605.425906,7.509354839,30239,1.614891,17.705204,124.6989201,0,0,0.615907394,0,0.740208,0,41.6
5,1,1,1,1,0,0,0,0,1,1,1,9826.196917,7.381290323,67785.18,7.007777928,941.06356,433.285799,0,0,0.015640286,0,0.556766,0,54.1
1,1,1,1,1,0,0,0,0,1,1,0,329.175,6.95,175,0.018091877,2.25225,1.11860756,0,0,0.001966896,0,0.011214589,0,0.686
4,1,1,1,1,0,0,0,0,1,0,0,936.7107147,7.4976,20027,2.070434401,40.46511627,128.0134492,0,0,0.225091534,0,1.283397574,0,31.142
4,1,1,1,1,0,0,0,0,1,0,0,451.8680888,7.4976,9661,0.998774991,19.52032198,61.75352937,0,0,0.108583877,0,0.6191094,0,77.9485
5,1,1,1,1,0,0,0,0,1,0,0,11287.2475,7.4976,51649,4.159071,174.764371,330.1426393,0,0,0.170711,0,18.817462,0,22.3
5,1,1,1,1,0,0,0,0,1,1,1,14446.24236,7.136774194,65133,6.733589847,964.351813,416.3329498,0,0,0.01502834,0,1.214184686,0,26.23
5,0,0,1,1,0,0,0,0,0,1,0,2257.099,7.603724968,46901.285,34.082,234.52,550.457,0,0,0.527142466,0,3.00559222,0,49.498
5,1,1,1,1,0,1,0,0,1,1,1,1788.420255,7.652903226,66434,6.868090029,48.9001,424.648998,0,0,0.746678531,0,4.257314347,0,72.455
5,1,1,1,1,0,0,0,0,1,1,1,9314.89,7.585,76561,7.915041104,1121.05,489.3812195,0,0,0.017665158,0,1.41621,0,11.06
2,1,1,1,1,0,0,0,0,1,1,0,728.23982,7.958306452,6671.8513,0.68975036,1.064116,42.64676174,0,0,0.074987629,0,0.42755469,0,11.741
4,1,1,1,1,0,0,0,0,1,0,0,486.7611,7.341333333,12955.72,1.339390242,26.17739632,82.81352194,0,0,0.145614565,0,0.108838,0,3.42
5,1,1,1,1,0,1,0,1,1,1,1,5203.264,6.824193548,168007.67,17.36899484,339.4642183,1073.912285,0,0,1.888305992,0,27.314,0,55.8
2,1,1,1,1,0,0,0,0,1,1,0,641.194,7.884,7637.65,0.78959671,1.435274,48.82018876,0,0,0.08584263,0,0.489446321,0,17.767
4,1,1,1,1,0,0,0,0,1,1,1,523.656,7.254666667,32240.2,3.333061326,16.56499,206.0807512,0,0,0.362360616,0,1.270448,0,51.37
4,1,1,1,1,0,0,0,1,1,1,1,740.914,7.317692308,21982.825,8.042096463,149.688,140.5151671,0,0,0.119996337,0,0.236199792,0,44.94
5,1,1,1,1,0,0,0,0,1,0,0,6740.845669,7.4976,29884,4.458339,98.023881,191.019819,0,0,0.061344555,0,9.952552027,0,21.22
5,1,1,1,1,0,0,0,0,1,1,1,958.031991,7.233548387,51023,6.99,19.112031,221.225637,0,0,0.783639,0,2.41,0,43.21
5,1,1,1,1,0,0,0,0,1,1,1,679.129728,7.501333333,25855,1.596192,14.37888,106.6202778,0,0,0.526614163,0,0.596182,0,32.4
5,1,1,1,1,0,1,0,1,1,1,1,16632.164,7.733666667,155381.636,16.06368825,313.9529618,993.20613,0,0,1.746396901,0,3.127,0,70.82
4,1,1,1,1,0,0,0,0,1,1,1,557.842,7.423870968,32556.17,3.365726986,33.75084,208.1004451,0,0,0.365911931,0,0.355537,0,0.714
5,1,1,1,1,0,0,0,0,1,0,0,293.184564,7.247741935,28201,2.621044,10.604781,180.2620103,0,0,0.881914,0,0.410607,0,57.029
5,0,0,1,0,0,0,0,0,0,0,0,495.0868,7.08440678,47337,4.893801031,108.0315,302.580149,0,0,0.002023836,0,1.0689,0,74.471
5,1,1,1,1,0,1,0,1,1,1,1,12519.918,7.443333333,148890.34,15.39260408,300.8371158,951.7134855,0,0,1.673438606,0,7.491,0,60.55
5,0,0,1,0,0,0,0,0,0,0,0,740.027,7.541967213,57472,5.941579164,63.495,367.3635069,0,0,0.0334,0,2.7581,0,29.47
5,1,1,1,1,0,0,0,0,1,1,0,515.097281,7.4976,11496,1.188481244,1.690939,73.48292864,0,0,0.007889,0,0.202915,0,2.98
1,1,1,1,1,0,1,0,0,1,0,1,36.06048073,7.4976,507,0.052414752,3.677382714,3.240765903,0,0,0.005698378,0,0.032490267,0,2.7
2,1,0,1,0,0,0,0,0,0,0,0,265.73,7.822307692,4804.035,0.496651487,9.706687712,30.70759926,0,0,0.411,0,0.502,0,7.76
4,0,0,1,0,0,0,0,0,0,0,0,69.6207,7.4976,476.5007,0.049261669,0.962783054,3.04581306,0,0,0.005355584,0,0.030535769,0,0.026
5,1,1,1,1,0,0,0,0,1,0,0,6997.297851,7.4976,33873,4.23303937,131.343842,216.5176794,0,0,0.069532998,0,11.28104654,0,22.13
5,1,1,1,1,0,0,0,0,1,0,0,621.656844,7.4976,28567,2.953317998,5.391044,182.6014981,0,0,0.321076039,0,1.830669521,0,28.61
5,1,1,1,1,0,0,0,0,1,0,0,502.195952,7.562,29057,1.950574,18.900849,185.7335993,0,0,0.885761,0,0.311177,0,73.199
5,1,1,1,1,0,0,0,0,1,1,1,14603.1,7.243,102337,10.57981951,1268.36,654.1425251,0,0,1.150206835,0,6.558099442,0,24.044
5,1,1,1,1,0,0,0,0,1,1,1,576.724547,7.957666667,20049,2.475373,17.490823,82.67762323,0,0,0.408357662,0,0.38875,0,39.4
1,1,1,1,1,0,0,0,0,1,1,1,77.23689,7.4976,6638,0.686250739,0.538241,42.43038277,0,0,0.07460716,0,0.425385384,0,8.8
4,0,0,1,0,0,0,0,0,0,1,0,43864.31802,7.4976,6647,0.110179281,6979.581655,28.49885853,0,0,0.047357728,0,0.250627155,0,28.725
4,1,1,1,1,0,0,0,0,1,0,0,210.8406,7.478064516,15343.9,1.586285435,31.00278112,98.07887167,0,0,0.172456283,0,0.053062,0,36.3295
2,1,0,1,0,0,0,0,0,0,0,0,418.811,7.9092,7570.586,0.782663489,15.29658175,48.39151277,0,0,0.35,0,0.507,0,7.67
5,1,1,1,1,0,0,0,0,1,1,1,75624.4,7.110333333,28853,2.982885294,8427.2,184.4296225,0,0,33.3114,0,1.848997364,0,4.735
5,0,0,1,1,0,0,0,0,0,1,0,2556.08,6.455483871,34467.16,25.3687638,363.98,230.1415202,0,0,0.387390318,0,2.208771634,0,16.54
2,1,1,1,1,0,0,0,0,1,1,1,52.548054,7.480645161,2214,0.056887,6.026341,14.15198365,0,0,0.024884039,0,0.141880573,0,0.72
4,0,0,1,0,0,0,0,0,0,0,0,15.2404,7.4976,203.0081,0.020987415,0.410183571,1.297636545,0,0,0.00228169,0,0.013009442,0,0.017
2,1,1,1,1,0,0,0,0,1,1,0,933.317,8.147,9607,0.993192355,6.062985,61.40835903,0,0,0.107976949,0,0.615648899,0,19.127
5,1,1,1,1,0,0,0,0,1,0,1,15126.8536,7.710166667,65222,11.86,711.101199,416.9018417,0,0,1.65,0,1.32,0,39.76
5,1,1,1,1,0,1,0,0,1,1,1,1563.62,7.491666667,66791,6.904997458,52.21,426.9309574,0,0,0.750690998,0,4.280192108,0,73.499
5,1,1,1,1,0,0,0,0,1,1,0,581.430722,7.4976,13501,1.395762463,5.888090854,86.29897526,0,0,0.006675008,0,2.67399084,0,1.14
5,1,1,1,1,0,0,0,0,1,1,1,535.518007,7.422222222,25809,4.01,16.71115,133.48,0,0,0.91,0,0.63,0,35.969
5,1,1,1,1,0,0,0,0,1,1,0,848.210504,7.4976,11736,1.213292961,5.118334513,75.01701901,0,0,0.005802377,0,2.324417191,0,9.095
4,0,1,1,0,0,0,0,0,0,0,0,59.8582,7.572580645,1083,0.111962873,2.188231933,6.922582787,0,0,0.012172274,0,0.069402286,0,1.023
5,1,1,1,1,0,0,0,0,1,1,0,937.788488,7.533870968,30988,3.203606193,12.033001,198.0766347,0,0,0.348286635,0,1.98581535,0,64.965
4,1,1,1,1,0,0,0,0,1,1,1,328.6541735,7.4976,4377.338,0.452538632,8.844534434,27.9801336,0,0,0.049198668,0,0.280514554,0,14.28
3,1,1,1,1,0,0,0,0,1,1,0,428.87948,7.4976,2633,0.272205212,19.004918,16.83024975,0,0,0.029593349,0,0.168731503,0,16.12
5,1,1,1,1,0,0,0,0,1,1,1,3727.492,7.802333333,154687,15.99187528,312.5494303,988.7659867,0,0,3.4586,0,3.7316,0,58.12
1,1,1,1,1,0,0,0,0,1,1,0,372.515121,6.95,198.041,0.020473905,2.54878767,1.265886628,0,0,0.002225863,0,0.012691134,0,1.832
5,1,1,1,1,0,0,0,0,1,1,1,16690.97293,7.746774194,89204,9.222101679,1142.720413,570.1958217,0,0,0.020582317,0,1.662907139,0,62.488
5,0,0,1,1,0,0,0,0,0,1,0,598.3,7.567005376,24459.04,18.00251627,452.8,163.3160564,0,0,0.274905019,0,1.567417616,0,15.01
5,1,1,1,1,0,0,0,0,1,0,0,471.803704,7.435822714,27628,1.400291163,12.95865557,176.5993696,0,0,0.745612222,0,0.191525566,0,33.316
3,1,1,1,1,0,0,0,0,1,1,0,360.666356,7.4976,1834,0.189602871,11.536508,11.72300723,0,0,0.020613066,0,0.117528894,0,9.08
5,1,1,1,1,0,0,0,0,1,0,0,2803.951781,7.4976,16502,1.207343,45.157805,105.4814969,0,0,0.033874577,0,5.495817613,0,2.834
2,1,1,1,1,0,0,0,0,1,1,1,27.70512326,7.438709677,1160,0.08705568,3.312292573,7.414770113,0,0,0.013037708,0,0.074336705,0,1.98
4,1,1,1,1,0,0,0,1,1,0,1,397.2571,7.4976,9597.597,0.992220253,19.39221443,61.34825465,0,0,0.107871265,0,0.615046323,0,26.73
5,1,1,1,1,0,0,0,0,1,1,1,698.959673,7.088333333,33661,3.27566824,20.573877,138.8104881,0,0,0.685606626,0,0.822820874,0,38.43
4,1,1,1,1,0,0,0,0,1,1,1,349.362,7.587419355,24053.6,2.486712983,57.1807,153.7516503,0,0,0.270348116,0,0.445864,0,51.406
4,0,1,1,0,0,0,0,0,0,0,0,19.74305289,7.4976,4379.4567,0.452757668,8.848815327,27.99367642,0,0,0.053809297,0,0.280650327,0,2.297
5,1,1,1,1,0,0,0,0,1,0,0,1653.066,7.673571429,12290,1.270566675,94.6924,78.55821094,0,0,0.0193,0,0.78758457,0,1.852
5,1,1,1,1,0,1,0,0,1,1,1,1545.381232,7.420125,64824,6.701644761,25.744777,414.3578085,0,0,0.728583092,0,4.154140127,0,55.964
2,1,1,1,1,0,0,0,0,1,1,0,867.056,8.120322581,5831.5,0.602873032,5.13416,37.27519993,0,0,0.065542581,0,0.37370215,0,22.077
5,1,1,1,1,0,0,0,0,1,1,1,20578.95,7.436333333,132019.41,13.648451,1650.394483,843.8737721,0,0,1.483819417,0,8.46024819,0,12.75
5,1,1,1,1,0,0,0,0,1,1,1,15976.286,7.47516129,95506,9.873616015,1536.12,610.478478,0,0,0.022036397,0,1.927679,0,15.38
5,1,1,1,1,0,0,0,0,1,0,1,10333.87438,8.008214286,55168,20.84802644,412.160155,352.6362393,0,0,2.156408804,0,1.116521419,0,17.18
4,0,1,1,0,0,0,0,0,0,0,0,20.537,7.4976,2414.909,0.249658495,4.879391494,15.43620265,0,0,0.029671387,0,0.154755498,0,2
4,1,1,1,1,0,0,0,0,1,0,0,1049.19832,7.4976,22432,2.319068482,45.32448635,143.3863131,0,0,0.252122299,0,1.437518069,0,33.879
5,0,0,1,0,0,0,0,0,0,0,0,1566.7223,7.623166667,57888,5.98458614,115.4464,370.0225968,0,0,3.00E-04,0,3.2764,0,25.7095
5,1,1,1,1,0,0,0,0,1,0,0,950.354149,7.4976,33564,3.469918622,14.216064,214.542538,0,0,0.377239339,0,2.150894101,0,33.67
2,1,0,1,0,0,0,0,0,0,0,0,213.386,7.972903226,6804.31,0.703444225,13.74829956,43.49344347,0,0,0.231,0,0.391,0,12.91
5,1,1,1,1,0,0,0,0,1,1,1,13424.44,7.030769231,112044.64,11.58341624,1400.686881,716.1941793,0,0,1.259314917,0,7.18019769,0,21.7
2,1,0,1,0,0,0,0,0,0,0,0,606.116,7.837666667,12156.003,1.256713776,24.56154565,77.70169633,0,0,1.102,0,1.168,0,4.14
4,1,1,1,1,0,0,0,0,1,1,1,323.8469731,7.4976,4313.311,0.445919383,8.715166081,27.57087025,0,0,0.048479043,0,0.276411488,0,21.78
5,1,1,1,1,0,0,0,0,1,0,0,11328.47438,7.4976,38895,4.411094,162.017069,248.6185203,0,0,0.061022,0,14.466534,0,19.451
5,1,1,1,1,0,0,0,0,1,1,1,20610.6,7.633225806,106920,11.05361992,1478.18,683.4372591,0,0,1.201717021,0,6.851793509,0,13.0545
1,1,1,1,1,0,1,0,0,1,0,1,39.794121,7.4976,733,0.075779119,3.397669,4.685367666,0,0,0.008238483,0,0.046973107,0,4.68
3,1,1,1,1,0,0,0,0,1,1,0,488.4065897,7.4976,3123,0.322862467,22.54172386,19.96235092,0,0,0.035100657,0,0.200132352,0,13.53
2,1,0,1,0,0,0,0,0,0,0,0,269.456,7.942190871,9838.045,1.017078285,19.87804637,62.88520866,0,0,0.567,0,0.636,0,8.46
5,1,1,1,1,0,0,0,0,1,1,0,4897.950628,7.858571429,212128,4.387615295,71.606756,313.4372876,0,0,2.384192183,0,7.915301816,0,72.1911
5,1,1,1,1,0,0,0,0,1,1,1,14644.46359,7.843,80770,8.350176591,1173.084747,516.2853294,0,0,0.018636313,0,1.50568371,0,40.283
4,1,1,1,1,0,0,0,0,1,1,1,431.3547,7.400967742,33046.66,3.416434898,14.548546,211.2356784,0,0,0.371424746,0,0.38051,0,3.516
5,0,0,1,0,0,0,0,0,0,0,0,2815.127618,7.2342675,109911.64,11.36290211,228.702291,702.5599512,0,0,0.0027,0,6.818061,0,70.55
4,1,1,1,1,0,0,0,0,1,0,0,749.2001911,7.4976,16018,1.655975345,32.36481911,102.387748,0,0,0.180032765,0,1.026487359,0,40.453
5,1,1,1,1,0,0,0,0,1,0,0,7426.008321,7.4976,28952,3.567455,100.240933,185.0624348,0,0,0.059431387,0,9.642159225,0,25.28
5,1,1,1,1,0,0,0,0,1,1,1,13310.9,7.776333333,94651,9.785224273,1263.386,605.013281,0,0,1.063820779,0,6.065554689,0,45.108
5,1,1,1,1,0,0,0,0,1,1,1,362.074811,7.4414894,21154,2.058568847,27.421653,87.23439782,0,0,0.430864281,0,0.517095534,0,14.71
5,1,1,1,1,0,0,0,0,1,1,1,14079.20434,7.914666667,72492,7.494379119,948.866622,463.3719957,0,0,0.016726305,0,0.681897,0,46.36
4,0,0,1,0,0,0,0,0,0,0,0,18.8264,7.4976,422.5879,0.043688047,0.853850727,2.701200113,0,0,0.004749636,0,0.027080855,0,0.041
5,1,1,1,1,0,0,0,0,1,1,1,15946.42493,7.106666667,78091,8.0732158,1292.537262,499.1610456,0,0,0.018018179,0,1.455742807,0,18.16
5,1,1,1,1,0,0,0,0,1,0,0,5353.094961,7.4976,18524,2.392464,71.45735,118.4062083,0,0,0.038025249,0,6.169223455,0,13.869
5,1,1,1,1,0,0,0,0,1,0,1,11123.215,7.746774194,58455,22.09018608,906.87196,373.6468853,0,0,2.28489118,0,1.183045598,0,34.76
5,0,0,1,1,0,0,0,0,0,1,0,2796.88,7.652580645,29974.08,22.06173516,56.27,200.1406654,0,0,0.336890779,0,1.920839944,0,9.62
5,0,0,1,0,0,0,0,0,0,0,0,2234.0298,6.972096774,87320,9.027329701,132.2229,558.1532123,0,0,0.0024,0,3.6588,0,29.28
5,1,1,1,1,0,1,0,1,1,1,1,15421.278,7.448709677,135216.178,13.97893976,273.2080873,864.3076513,0,0,1.519749182,0,12.908,0,65.91
3,1,1,1,1,0,0,0,0,1,1,0,361.856641,7.4976,2668,0.275823587,19.680549,17.05397126,0,0,0.029986729,0,0.170974421,0,8.74
5,0,0,1,1,0,0,0,0,0,1,0,2871.012,7.775333333,64557.996,85.874,94.259,262.802,0,0,0.725593365,0,4.137093696,0,11.365
5,1,1,1,1,0,0,0,0,1,0,0,4620.702531,7.4976,31607,3.949861995,178.228869,202.0333095,0,0,0.064881453,0,10.52637906,0,15.58
4,0,1,1,0,0,0,0,0,0,0,0,4.447405,7.84,493,0.050967402,0.996120353,3.151277298,0,0,0.005541026,0,0.0315931,0,3.5
4,1,1,1,1,0,0,0,0,1,0,0,1048.824141,7.4976,22424,2.318241425,45.30832212,143.3351767,0,0,0.252032384,0,1.437005403,0,49.528
5,1,1,1,1,0,0,0,0,1,1,0,1568.607,6.580967742,50662.1,5.237557032,947.257,323.8343319,0,0,0.569411783,0,6.5239,0,29.541
4,1,1,1,1,0,0,0,0,1,1,0,916.046256,7.4976,8524,0.881229482,22.66934,54.48577625,0,0,0.095804675,0,0.546246613,0,13.34
4,1,1,1,1,0,0,0,0,1,1,1,395.732,7.487741935,23827.3,2.463317602,28.4567,152.305131,0,0,0.267804639,0,0.627479,0,46.05
4,1,1,1,1,0,0,0,0,1,1,0,2119.778084,7.4976,8854,0.915345593,44.613414,56.5951505,0,0,0.099513678,0,0.567394124,0,4.72
5,1,1,1,1,0,0,0,0,1,0,0,1034.038,7.531,12095,1.250407155,66.2928,77.31176252,0,0,0.007,0,0.775088314,0,2.834
5,1,1,1,1,0,0,0,0,1,1,1,32004.8,7.050666667,182183,18.83447099,3828.88,1164.521607,0,0,210.3341346,0,11.6748999,0,17.788
4,1,1,1,1,0,0,0,0,1,1,1,1202.9385,7.581394917,12176,0.34,44.647625,150.167922,0,0,0.140098,0,3.528226,0,15.76
4,1,1,1,1,0,0,0,0,1,1,1,644.229,7.223225806,35057.8,3.624350884,14.23441,224.0909721,0,0,0.39402876,0,0.83323,0,1.574
5,1,1,1,1,0,0,0,0,1,1,1,482.450365,7.250322581,18480,1.798352666,12.011302,76.2074157,0,0,0.376400299,0,0.451731373,0,37.64
4,1,1,1,1,0,0,0,0,1,0,0,0.019,7.4976,0.793,8.20E-05,0.003,0.00506889,0,0,8.91E-06,0,5.08E-05,0,4.5
5,1,1,1,1,0,0,0,0,1,1,1,22408.5,7.468,114248.4,11.8112457,691.57,730.2807085,0,0,1.284083865,0,7.321422049,0,38.6655
3,1,1,1,1,0,0,0,0,1,1,0,251.290836,7.4976,1945,0.20107829,14.032143,12.43252403,0,0,0.02186064,0,0.124642147,0,7.44
5,1,1,1,1,0,1,0,1,1,1,1,4805.97,7.063225806,173237.753,17.90969209,350.031748,1107.343201,0,0,1.947089005,0,13.634,0,64.56
5,1,1,1,1,0,0,0,0,1,1,1,539.650442,7.283666667,36474,3.549410992,15.272487,150.4106753,0,0,0.742901758,0,0.891582798,0,48.547
1,1,1,1,1,0,1,0,0,1,0,1,641.6916315,7.4976,9022,0.932713795,65.43855393,57.66901376,0,0,0.101401898,0,0.578160129,0,5.1
5,1,1,1,1,0,0,0,0,1,1,1,844.56822,7.092450591,27430,2.669308096,19.672846,113.115228,0,0,0.558693733,0,0.670508202,0,35.86
5,0,0,1,1,0,0,0,0,0,1,0,2727.5,7.644574774,49189.054,64.125,30.554,353.923,0,0,0.552855625,0,3.152200158,0,29.602
5,1,1,1,1,0,0,0,0,1,1,0,512.334409,7.4976,13358,1.380978815,22.405802,85.38491308,0,0,0.002407,0,3.428509,0,6.99
5,1,1,1,1,0,0,0,0,1,1,1,40540.6,7.206451613,262550,27.14298457,4486.604,1678.230942,0,0,303.1195394,0,16.82508778,0,13.598
5,1,1,1,1,0,0,0,0,1,0,0,359.750262,7.388504767,30888,1.565520249,14.48772815,197.4374304,0,0,0.833591658,0,0.214124862,0,52.789
5,1,1,1,1,0,0,0,0,1,0,0,6449.544312,7.4976,36748,4.592322226,131.403107,234.8948036,0,0,0.075434671,0,12.23853506,0,20.96
5,1,1,1,1,0,0,0,0,1,1,1,16430.855,7.3655111,112074,11.58645154,1504.3919,716.3818497,0,0,1.259644906,0,7.182079178,0,38.064
5,0,0,1,1,0,0,0,0,0,1,0,3773.23,7.127333333,38869.75,28.60918935,122.16,259.5381619,0,0,0.436872804,0,2.490904421,0,64.34
5,1,1,1,1,0,0,0,0,1,0,0,778.270611,7.4976,29838,3.084716716,7.135356,190.725785,0,0,0.335361321,0,1.912119479,0,24.64
5,1,1,1,1,0,0,0,0,1,0,0,6777.245842,7.4976,29397,5.094979,90.107103,187.906894,0,0,0.060344863,0,9.790361797,0,10.919
4,1,1,1,1,0,0,0,0,1,1,1,611.186005,7.385666667,13668,1.076539,16.784461,91.606412,0,0,0.011147,0,1.716793,0,35.24
5,1,1,1,1,0,0,0,0,1,1,1,852.046603,7.311935484,45155,3.91,17.178179,210.447852,0,0,1.361519,0,1.23,0,73.05
2,1,1,1,1,0,0,0,0,1,1,0,574.868,8.058709677,8618,0.890947405,0.421971,55.08662831,0,0,0.096861179,0,0.552270449,0,12.693
5,1,1,1,1,0,0,0,0,1,1,1,21643.742,7.451034483,124582.48,12.87960515,1161.48,796.3365943,0,0,1.40023276,0,7.983664682,0,29.6095
4,1,1,1,1,0,0,0,1,1,1,1,899.616,7.317692308,25263.043,9.242116459,415.352,161.4824622,0,0,0.137901868,0,0.271444889,0,8.48
4,1,1,1,1,0,0,0,0,1,0,0,282.3181642,7.4976,6036,0.624014682,12.19590761,38.58237276,0,0,0.067841039,0,0.386807198,0,46.76
5,0,0,1,1,0,0,0,0,0,1,0,2759.079,7.288333333,34397.97,23.87,7.432,126.351,0,0,0.386612664,0,2.204337706,0,55.44
2,1,1,1,1,0,0,0,0,1,1,0,905.078038,7.984193548,6585.06476,0.68077818,3.856318,42.09201843,0,0,0.0740122,0,0.421993116,0,19.76
5,1,1,1,1,0,1,0,1,1,1,1,16214.186,7.818387097,244126.927,25.2383676,493.265316,1560.469864,0,0,2.743841034,0,17.107,0,44.3
5,1,1,1,1,0,0,0,0,1,0,0,3063.095,7.917096774,22957,2.373344113,209.314,146.7421358,0,0,0.0788,0,1.471161837,0,4.482
4,1,1,1,1,0,0,0,1,1,1,1,656.029,7.317692308,26250.461,9.603348958,250.568,167.7940808,0,0,0.143291828,0,0.282054441,0,16.4
5,1,1,1,1,0,0,0,0,1,1,0,716.33054,7.512903226,22672,2.343880199,44.763454,144.9204035,0,0,0.254819756,0,1.452898077,0,78.8
4,0,1,1,0,0,0,0,0,0,0,0,62.091297,7.1868889,1697,0.175439516,3.428836186,10.84729731,0,0,0.019073268,0,0.108749472,0,5.824
2,1,0,1,0,0,0,0,0,0,0,0,261.979,8.002903226,6845.99,0.707753194,13.83251517,43.75986383,0,0,0.345,0,0.571,0,4.18
5,1,1,1,1,0,0,0,0,1,0,1,8935.03008,7.787465452,55865,21.11142323,822.758194,357.0914934,0,0,2.183653165,0,1.130627702,0,33.18
5,1,1,1,1,0,0,0,0,1,1,1,26174.1696,7.406699467,141143.027,14.59167018,1614.8717,902.1923261,0,0,1.58636343,0,9.044920279,0,40.119
4,0,1,1,0,0,0,0,0,0,0,0,39.243113,7.645,1504,0.15548676,3.038874263,9.613632975,0,0,0.016904063,0,0.096381383,0,1.2665
2,1,1,1,1,0,0,0,0,1,1,0,586.627,7.432903226,7971.34,0.824094301,1.110808,50.95314965,0,0,0.089593107,0,0.5108303,0,21.752
5,1,1,1,1,0,0,0,0,1,1,1,12272.1,7.771935484,111538,11.53103871,1279.156,712.9557146,0,0,1.253620586,0,7.147730494,0,29.523
5,1,1,1,1,0,0,0,0,1,1,1,14628.18521,7.997741935,78598,8.125630552,1045.576703,502.4018115,0,0,0.023767,0,1.247684,0,17.3
5,1,1,1,1,0,0,0,0,1,0,1,10536.23157,7.613184536,55676,21.04,879.864928,355.8833973,0,0,3.68,0,0.97,0,37.62
5,1,1,1,1,0,0,0,0,1,0,0,5022.263705,7.4976,33896,4.235913633,228.343157,216.6646963,0,0,0.069580211,0,11.28870645,0,14.62
3,1,1,1,1,0,0,0,0,1,1,0,371.317138,7.4976,2488,0.2572148,16.534795,15.90340348,0,0,0.027963636,0,0.159439415,0,9.2
5,0,0,1,0,0,0,0,0,0,0,0,2324.7589,7.81314386,103328,10.68227122,144.2511,660.4770399,0,0,0.0016,0,7.6881,0,46.27
5,1,1,1,1,0,0,0,0,1,1,0,435.234768,7.4976,10156,1.049949158,3.831361,64.91759075,0,0,0.005721,0,2.372074,0,1.13
3,1,1,1,1,0,0,0,0,1,1,0,309.107639,7.4976,2114,0.218549874,23.922666,13.51277933,0,0,0.023760099,0,0.135472236,0,9.34
3,1,1,1,1,0,0,0,0,1,1,0,554.7160338,7.4976,3547,0.366696501,25.60214362,22.67257723,0,0,0.039866164,0,0.2273037,0,10.33
4,1,1,1,1,0,0,0,1,1,0,1,137.81579,7.4976,7603.548,0.786071171,15.3631824,48.6022073,0,0,0.085459344,0,0.487260951,0,3.6015
1,1,1,1,1,0,1,0,0,1,0,1,22.155565,7.4976,585,0.06047856,3.362101,3.739345273,0,0,0.006575051,0,0.037488769,0,5.46
1,1,1,1,1,0,1,0,0,1,0,1,66.28869437,7.4976,932,0.096352168,6.760001359,5.957384263,0,0,0.010475124,0,0.059725697,0,2.7
5,1,1,1,1,0,0,0,0,1,0,1,13278.923,7.915483871,67643,25.56233781,749.539599,432.3769783,0,0,2.64403206,0,1.368997578,0,34.83
4,0,1,1,0,0,0,0,0,0,0,0,30.73119131,7.4976,6816.8749,0.704743212,13.77368729,43.57375886,0,0,0.083757249,0,0.43684829,0,16.05
5,1,1,1,1,0,1,0,0,1,1,1,1394.381539,7.420125,63044,6.517624527,23.866729,402.9799716,0,0,0.708576953,0,4.040071736,0,52.835
4,1,1,1,1,0,0,0,0,1,0,0,845.0835968,7.4976,18068,1.867908761,36.50690172,115.4914366,0,0,0.203073542,0,1.15785826,0,26.882
5,1,1,1,1,0,0,0,0,1,0,0,9354.06571,7.4976,42088,2.530211,194.690033,269.0283143,0,0,0.180545,0,10.497239,0,21.98
4,0,0,1,0,0,0,0,0,0,1,0,2452.995146,7.4976,194376,3.221935885,70.649608,833.3825975,0,0,1.384866229,0,7.329006151,0,28
5,1,1,1,1,0,0,0,0,1,0,0,2045.478,7.573870968,14175,1.465442035,130.3382,90.60721238,0,0,0.0264,0,0.908381715,0,1.587
5,0,0,1,1,0,0,0,0,0,1,0,5009.72,7.283870968,46002.62,33.85917496,14.79,307.1652233,0,0,0.517042008,0,2.948002741,0,74.89
5,1,1,1,1,0,0,0,0,1,1,1,828.914334,7.223504387,38092,3.706864163,14.289139,157.082948,0,0,0.775857153,0,0.931133738,0,56.848
4,1,1,1,1,0,0,0,0,1,1,1,798.850904,7.569354839,14116,0.776169,27.40641,96.693256,0,0,0.020663,0,1.749904,0,14.44
5,1,1,1,1,0,0,0,0,1,0,0,2235.839,6.926,19787,2.045622684,228.121,126.4793588,0,0,0.0207,0,1.268017566,0,20.78
5,1,1,1,1,0,1,0,1,1,1,1,5791.453,7.039677419,151277.942,15.63943952,305.6613328,966.9751406,0,0,1.700273829,0,17.354,0,43.77
5,1,1,1,1,0,0,0,0,1,0,0,7572.138167,7.4976,35943,4.491723026,117.237416,229.7492088,0,0,0.073782203,0,11.97043828,0,22.29
4,1,1,1,1,0,0,0,0,1,1,1,388.044,7.240666667,32676.54,3.378171096,5.968933,208.8698553,0,0,0.367264818,0,0.201384,0,24.619
4,1,1,1,1,0,0,0,1,1,1,1,207.375228,7.332666667,4429.11056,1.620325612,9.622788,28.31106604,0,0,0.024176922,0,0.047589652,0,1.6241
4,1,1,1,1,0,0,0,0,1,0,0,848.685071,7.4976,18145,1.875869187,36.66248238,115.9836239,0,0,0.203938976,0,1.162792679,0,19.956
4,0,1,1,0,0,0,0,0,0,0,0,62.524812,7.757,1926,0.199114029,3.891537121,12.31107521,0,0,0.021647091,0,0.123424563,0,2.499
3,1,1,1,1,0,0,0,0,1,1,0,292.471588,7.4976,3122,0.322759085,19.221636,19.95595887,0,0,0.035089418,0,0.200068269,0,9.64
5,1,1,1,1,0,0,0,0,1,1,1,521.705433,7.514282067,29458,4.3,15.731025,106.35,0,0,0.6,0,0.79,0,59.441
2,1,1,1,1,0,0,0,0,1,1,1,134.837401,7.421,5634,0.962354,13.935439,36.0127714,0,0,0.063322799,0,0.361045685,0,0.35
5,1,1,1,1,0,0,0,0,1,1,0,1970.604588,7.977333333,119274,2.46704078,42.445958,176.2375502,0,0,1.340568611,0,4.450566209,0,26.4241
5,1,1,1,1,0,0,0,0,1,1,1,36911.2,7.048333333,194427,20.10028209,3500.76,1242.785783,0,0,224.4700921,0,12.45953663,0,21.1485
5,1,1,1,1,0,1,0,1,1,1,1,13848.129,7.375,140262.34,14.50062286,283.4039994,896.5629368,0,0,1.576465033,0,11.591,0,18.53
3,1,1,1,1,0,0,0,0,1,1,0,501.854646,7.4976,2901,0.299911629,19.385598,18.54331733,0,0,0.03260551,0,0.185905845,0,8.74
4,0,0,1,0,0,0,0,0,0,0,0,34.3482,7.4976,489.2467,0.050579378,0.988536705,3.127286042,0,0,0.005498841,0,0.031352575,0,0.031
4,1,1,1,1,0,0,0,0,1,1,1,417.5013,7.841290323,9760,0.540382805,4.085038,53.998777,0,0,0.000191,0,1.833959,0,5.83
4,0,0,1,0,0,0,0,0,0,0,0,75.0855,7.4976,596.6611,0.06168411,1.205570519,3.813883528,0,0,0.006706115,0,0.038236052,0,0.04
5,1,1,1,1,0,0,0,0,1,1,1,2748.516,7.539,149208,15.42544446,301.4789568,953.743982,0,0,4.7776,0,4.0033,0,67.48
5,1,1,1,1,0,0,0,0,1,1,0,7983.381,7.69,46299,4.786490355,1007.009,295.9452082,0,0,0.520373142,0,1.8138,0,29.49
4,0,1,1,0,0,0,0,0,0,0,0,5.393,7.4976,394.141,0.040747146,0.796372966,2.519366299,0,0,0.004842713,0,0.025257882,0,2
2,1,1,1,1,0,0,0,0,1,1,1,34.092128,7.132666667,1374,0.10478,1.258009,8.782667358,0,0,0.01544294,0,0.088050545,0,0.75
5,1,1,1,1,0,0,0,0,1,0,0,663.236072,7.4976,24711,2.554676411,9.364284,157.9537795,0,0,0.2777369,0,1.583564061,0,27.75
4,1,1,1,1,0,0,0,0,1,0,0,0.033,7.4976,1.119,0.000115685,0.001,0.007152696,0,0,1.26E-05,0,7.17E-05,0,7.88
5,1,1,1,1,0,0,0,0,1,1,0,571.086608,7.4976,10586,1.094403484,5.492486,67.66616933,0,0,0.005233808,0,3.244293,0,2.93
5,1,1,1,1,0,1,0,1,1,1,1,17740.064,7.654666667,188515.083,19.48909537,380.9000225,1204.996555,0,0,2.118797081,0,23.17,0,24.35
5,1,1,1,1,0,0,0,0,1,0,0,408.173051,7.4976,23940,2.474968771,22.41029,153.0255142,0,0,0.269071319,0,1.534155786,0,24.58
5,1,1,1,1,0,0,0,0,1,1,1,13570.79,7.55516129,94539,9.773645472,1331.81,604.2973722,0,0,1.062561966,0,6.058377352,0,5.585
5,1,1,1,1,0,0,0,0,1,1,1,35622.5,7.06,166343,17.19689767,3227.86,1063.271642,0,0,192.0465189,0,10.65981938,0,12.2535
4,1,1,1,1,0,0,0,0,1,0,0,894.2881542,7.4976,19120,1.976666787,38.63249728,122.215866,0,0,0.214897395,0,1.225273961,0,44.954
4,0,1,1,0,0,0,0,0,0,0,0,191.922808,8.393666667,1724,0.178230834,3.483390445,11.01988248,0,0,0.019376732,0,0.110479723,0,7.591
5,0,0,1,1,0,0,0,0,0,1,0,4020.87,6.854516129,40798.72,30.02896354,281.67,272.4181349,0,0,0.458553276,0,2.614519312,0,60.78
5,1,1,1,1,0,0,0,0,1,0,0,2319.992,7.778870968,18418,1.904092515,183.0739,117.7286517,0,0,0.0154,0,1.180287438,0,4.877
4,1,1,1,1,0,0,0,0,1,1,1,359.827,7.770555556,12934,0.716117951,7.131041098,88.59666854,0,0,0.00046183,0,2.718279552,0,61.95
4,1,1,1,1,0,0,0,0,1,0,0,1057.739,7.381935484,17230.19,1.781294159,34.81408307,110.1361188,0,0,0.193657058,0,0.136011,0,12.34
2,1,1,1,1,0,0,0,0,1,1,0,528.451,7.892580645,6908,0.714163921,0.727045,44.15623443,0,0,0.077641799,0,0.442687893,0,13.518
5,1,1,1,1,0,0,0,0,1,1,1,646.428273,7.867407407,19706,2.127285,12.704389,81.26316741,0,0,0.401371444,0,0.196579,0,60
5,0,0,1,1,0,0,0,0,0,1,0,2791.62,7.725,39570.41,29.12489409,9.59,264.216556,0,0,0.444747804,0,2.535805073,0,9.61
4,1,1,1,1,0,0,0,0,1,0,0,957.843,7.456333333,18686.4,1.931840285,37.75639629,119.4442761,0,0,0.210023989,0,0.713598,0,5.92
5,1,1,1,1,0,0,0,0,1,1,0,89.70707959,7.380970152,2272.647336,0.138908321,6.335920476,18.24049234,0,0,3.216678651,0,0.228099208,0,105.7441771
5,0,1,1,1,0,0,0,0,0,1,0,4238.996464,7.97293733,183938.2626,20.11293894,106.7642126,1406.493421,0,0,426.0575971,0,11.78738303,0,366.9327391
5,1,1,1,1,0,0,0,0,1,1,0,1166.326161,7.512903226,45925.05996,4.747831628,18.51851749,293.5549673,0,0,0.516170279,0,2.943032433,0,116.5024152
5,1,1,1,1,0,0,0,0,1,1,1,227.2010675,7.211781257,6127.65181,1.206767194,14.33315202,51.51311689,0,0,4.859670912,0,1.02424158,0,86.81428747
4,1,1,1,1,0,0,0,0,1,1,0,525.996881,7.447195353,18103.87333,1.871617423,36.57938479,115.7207405,0,0,0.203476737,0,0.618174246,0,2833.882203
5,0,1,1,1,0,0,0,0,0,1,0,5253.800962,7.741851597,137778.0474,18.42553119,215.2045961,956.1549776,0,0,98.00608812,0,8.829281062,0,159.5524307
5,1,1,1,1,0,1,0,0,1,1,1,1958.776773,7.420125,69419.53052,7.176740605,38.74540666,443.7326381,0,0,0.780234113,0,4.448637192,0,87.50924316
5,1,1,1,1,0,0,0,0,1,1,0,6866.33684,7.496389901,89410.17277,9.569006844,1350.424947,575.37269,0,0,-1.88539495,0,21.19141089,0,146.6442528
5,1,1,1,1,0,0,0,0,1,1,0,3386.288989,7.267425902,63900.56486,6.606178047,95.83121462,408.4551712,0,0,0.718204232,0,4.094963296,0,102.0074678
5,1,1,1,1,0,0,0,0,1,1,0,616.4892143,7.505389778,32338.01639,3.343173795,7.938796069,206.7059978,0,0,0.363460014,0,2.072328944,0,80.45366266
5,1,1,1,1,0,1,0,0,1,1,1,1920.05998,7.420125,76062.99854,7.863556641,58.25476931,486.1979727,0,0,0.854902731,0,4.874372986,0,89.78392512
5,0,0,1,1,0,0,0,0,0,1,0,2378.802465,7.616058004,39048.05676,45.86465283,15.83138706,514.644964,0,0,0.438876865,0,2.502330918,0,87.48023747
4,1,1,1,1,0,0,0,0,1,1,0,354.6277087,7.507188651,17187.25376,1.776855317,34.72732918,109.8616685,0,0,0.19317448,0,0.599305232,0,3610.444561
4,1,1,1,1,0,0,0,0,1,1,1,2829.775067,7.4976,13943.15199,1.441473089,135.1898983,89.12522988,0,0,1.81345191,0,1.437260915,0,196.4743198
5,1,1,1,1,0,0,0,0,1,1,0,4619.432902,7.264774876,66289.5319,6.853154606,190.6603234,423.7255517,0,0,0.745054796,0,4.248056344,0,110.9015122
5,1,1,1,1,0,0,0,0,1,1,0,262.9876369,7.49810423,2814.600304,0.599469375,-8.537540383,20.41310895,0,0,-3.834021383,0,0.210257529,0,60.25733959
2,1,1,1,1,0,0,0,0,1,1,0,26634.80643,7.44726771,203396.5777,20.78643874,2301.835954,1301.18992,0,0,4.419149465,0,12.94163548,0,134.8439739
5,1,1,1,1,0,1,0,0,1,1,1,1660.240315,7.420125,66798.42806,6.905765387,37.8685483,426.9784379,0,0,0.750774485,0,4.280668124,0,88.18108411
5,1,1,1,1,0,1,0,0,1,1,1,1495.780365,7.420125,73312.36228,7.579189939,55.60368472,468.6157869,0,0,0.82398722,0,4.698102955,0,87.29157819
5,0,1,1,1,0,0,0,0,0,1,0,4691.047085,7.989789279,160884.8179,24.72673771,27.87957604,1353.119548,0,0,660.6844765,0,10.3100407,0,247.6602874
5,1,1,1,1,0,1,0,0,1,1,1,1980.647567,7.416027611,69338.28236,7.168340995,37.15342382,443.2132964,0,0,0.779320932,0,4.443430537,0,86.67583343
5,1,1,1,1,0,0,0,0,1,0,0,164.8843599,7.4976,3899.14274,0.403101776,7.878327474,24.92348885,0,0,0.043824038,0,0.249870192,0,99.79656747
5,1,1,1,1,0,0,0,0,1,0,0,1845.5949,7.482505081,25752.01187,2.517833306,47.30080726,164.6079723,0,0,0.335066633,0,1.481485067,0,146.7541637
5,1,1,1,1,0,0,0,0,1,1,0,2522.143562,7.652462974,143846.9926,3.041294021,42.87551862,212.5462512,0,0,1.616754389,0,5.336235341,0,125.0940528
5,1,1,1,1,0,0,0,0,1,1,0,3132.840437,7.753421263,151420.6587,4.148048139,85.08331997,223.7369916,0,0,1.70187788,0,4.007360774,0,240.1921132
5,1,1,1,1,0,1,0,0,1,1,0,4747.135355,7.120948822,151866.6807,15.46999543,313.8095657,964.0827092,0,0,4.452942873,0,17.03600479,0,133.3058314
5,1,1,1,1,0,0,0,0,1,1,0,3663.065434,7.973599132,213284.7312,2.76052759,70.7871728,315.146457,0,0,2.397193151,0,5.614970806,0,171.161955
5,0,0,1,1,0,0,0,0,0,1,0,2273.656927,7.310852255,58212.72563,26.87695019,55.588417,388.6936194,0,0,0.654276311,0,3.730467411,0,180.3809266
4,1,1,1,1,0,0,0,0,1,1,1,377.3967272,7.4976,2103.580377,0.217472671,28.18388887,13.44617665,0,0,0.233088493,0,0.343324816,0,307.4363093
5,1,1,1,1,0,0,0,0,1,0,0,358.7209996,7.346212318,33061.19617,1.829833078,14.94917136,211.3285942,0,0,0.919020447,0,0.229190108,0,107.6942454
4,1,1,1,1,0,0,0,0,1,1,0,497.2504234,7.616200382,18485.49334,1.911070122,37.35045874,118.160072,0,0,0.207765919,0,0.745600315,0,3282.763885
4,1,1,1,1,0,0,0,0,1,1,0,429.1816678,7.529251208,18825.59062,1.946230112,38.03763486,120.3339886,0,0,0.211588409,0,0.668018427,0,3667.789807
5,1,1,1,1,0,0,0,0,1,1,0,2343.410064,7.213461511,64935.52262,6.71317421,105.5827286,415.0706659,0,0,0.729836539,0,4.161286873,0,94.46595884
5,1,1,1,1,0,0,0,0,1,1,0,8295.203814,7.262523178,66891.31848,6.915368598,352.3611102,427.5721975,0,0,0.751818518,0,4.286620854,0,100.0697522
5,1,1,1,1,0,0,0,0,1,0,0,3100.06711,7.4976,28514.30473,2.947870247,57.61395397,182.2646677,0,0,0.320483776,0,1.827292631,0,143.3665609
5,1,1,1,1,0,0,0,0,1,0,0,1997.579831,7.963490029,100784.4404,10.41931256,61.39530298,644.2184973,0,0,1.132756991,0,6.458606199,0,134.8692333
4,1,1,1,1,0,0,0,0,1,1,0,397.0644041,7.75009765,17201.8805,1.778367462,34.75688292,109.9551633,0,0,0.193338876,0,0.623088507,0,3117.065638
4,1,1,1,1,0,0,0,0,1,1,0,327.6665164,7.466437797,14792.31567,1.529261458,29.88828947,94.55312078,0,0,0.166256804,0,0.605005954,0,3348.012708
5,1,1,1,1,0,0,0,0,1,1,0,2259.342902,7.26812821,59568.60031,6.15833022,98.41580145,380.7650666,0,0,0.669515534,0,3.817356424,0,98.02202989
5,0,0,1,1,0,0,0,0,0,1,0,2880.155046,7.619786435,65165.95608,56.98669796,200.3603325,401.9145504,0,0,0.732426474,0,4.176053824,0,80.9649533
5,1,1,1,1,0,0,0,0,1,1,0,3703.430295,7.971312532,210768.1034,2.686081577,79.18963207,311.427924,0,0,2.368907757,0,5.489281251,0,157.2811584
5,1,1,1,1,0,0,0,0,1,1,0,1155.592427,7.4998119,44724.87619,4.623754045,9.53798096,285.8833408,0,0,0.502680929,0,2.866120617,0,126.0731839
5,1,1,1,1,0,0,0,0,1,0,0,1822.546925,7.772762417,118264.788,12.22646855,79.83877782,755.9536343,0,0,1.329225671,0,7.578805715,0,127.8143887
5,1,1,1,1,0,0,0,0,1,1,0,8017.405016,7.793824872,96808.90641,10.00831329,1526.720789,618.806712,0,0,0.122152605,0,3.669025365,0,126.9231609
5,1,1,1,1,0,0,0,0,1,1,0,3372.576085,7.255708421,63073.04023,6.520626768,92.2577362,403.165598,0,0,0.708903349,0,4.041932731,0,102.2592328
4,1,1,1,1,0,0,0,0,1,1,1,1840.242454,7.4976,13408.85574,1.386236391,95.4661114,85.70998518,0,0,0.724766442,0,2.08287686,0,345.9320881
4,1,1,1,1,0,0,0,0,1,1,1,3963.609796,7.4976,21336.02327,2.205764047,363.0807082,136.3807825,0,0,1.217566848,0,3.554920548,0,374.0144527
5,1,1,1,1,0,0,0,0,1,1,0,3749.065134,7.312735891,59354.26253,6.136171519,83.23101738,379.3950103,0,0,0.667106505,0,3.803620938,0,108.2356508
5,1,1,1,1,0,0,0,0,1,1,0,3216.197598,7.778022631,186721.0588,3.862102946,69.34716863,275.8963561,0,0,2.098633319,0,6.967272288,0,130.0596019
5,1,1,1,1,0,0,0,0,1,1,0,3565.509965,7.258709677,63618.27531,6.576994345,95.95887733,406.6507642,0,0,0.715031466,0,4.076873231,0,116.0766325
5,1,1,1,1,0,1,0,0,1,1,1,1652.716584,7.420125,75084.99167,7.762448184,60.14093941,479.9465105,0,0,0.843910517,0,4.811699013,0,88.01584592
4,1,1,1,1,0,0,0,0,1,1,1,709.2696006,7.4976,5106.674726,0.527939034,46.00777869,32.64208547,0,0,0.991662556,0,1.073519019,0,404.1618473
5,1,1,1,1,0,0,0,0,1,1,0,3104.239142,7.418104061,201298.4246,3.311419387,428.5474069,297.4356626,0,0,2.262474216,0,7.643001295,0,145.6162615
5,1,1,1,1,0,0,0,0,1,1,0,1020.56669,7.512903226,41428.79615,4.28299819,11.48116178,264.8146548,0,0,0.465634956,0,2.654896712,0,154.511627
5,0,0,1,1,0,0,0,0,0,1,0,2355.30542,7.628358762,42112.50307,50.47879078,33.98698037,494.9665669,0,0,0.473319414,0,2.698710953,0,85.83795266
5,1,1,1,1,0,1,0,0,1,1,1,1921.987534,7.420125,76904.16831,7.950518584,63.7062192,491.5747662,0,0,0.864356978,0,4.928277977,0,89.32046409
5,1,1,1,1,0,0,0,0,1,0,0,454.210682,7.282700773,34635.46888,1.651830257,15.50016235,221.3914134,0,0,0.768158508,0,0.204542733,0,133.6043585
4,1,1,1,1,0,0,0,0,1,1,1,2211.096854,7.4976,8235.752444,0.851429829,33.01752257,52.64328542,0,0,1.099191371,0,1.814944746,0,412.1019419
5,1,1,1,1,0,1,0,0,1,1,1,2191.39314,7.321286918,76558.13124,7.914744525,52.66431396,489.3628823,0,0,0.860467727,0,4.906102756,0,102.1391897
5,1,1,1,1,0,0,0,0,1,1,0,1107.101486,7.494678535,45428.29018,4.696474498,10.20001056,290.3795934,0,0,0.510586883,0,2.911197753,0,123.7985702
5,1,1,1,1,0,0,0,0,1,0,0,1816.946249,7.4976,18609.103,1.923849155,37.60021553,118.9501903,0,0,0.209155217,0,1.192533961,0,119.8363385
5,1,1,1,1,0,0,0,0,1,1,0,7764.091172,7.572697507,93714.87531,9.688445687,1426.617997,599.0295316,0,0,0.091776529,0,3.532804164,0,120.4149455
5,1,1,1,1,0,0,0,0,0,1,0,31294.13365,7.490297493,195026.8859,19.99250098,3877.400368,1253.176988,0,0,-0.59887888,0,12.5792023,0,102.9380835
5,1,1,1,1,0,0,0,0,1,0,0,355.8142912,7.239004583,27410.80918,1.936988196,10.46835873,175.2110765,0,0,0.853353757,0,0.20259537,0,81.39796656
5,1,1,1,1,0,0,0,0,1,0,0,1852.775053,7.718386013,116936.7485,12.08917297,41.15128917,747.4647484,0,0,1.314299299,0,7.493700473,0,136.7158252
5,1,1,1,1,0,0,0,0,1,1,0,4052.181847,7.223684471,68231.14985,7.053883252,101.6001674,436.1364575,0,0,0.766877423,0,4.372481758,0,295.8496836
5,0,0,1,1,0,0,0,0,0,1,0,3154.48945,7.609022879,70075.33528,52.80192277,240.6741633,395.8871395,0,0,0.787604967,0,4.490663368,0,82.8168975
5,1,1,1,1,0,0,0,0,1,0,0,1671.148982,7.981936844,84127.57057,8.69728947,100.8133374,537.7470655,0,0,0.94554371,0,5.391177909,0,103.2710866
4,1,1,1,1,0,0,0,0,1,1,1,1944.507299,7.481274775,12949.66677,1.338764447,27.02808985,82.77482945,0,0,1.209608936,0,1.117921118,0,376.7267218
4,1,1,1,1,0,0,0,0,1,1,0,653.6194985,7.504597275,22908.29483,2.368308867,46.28685342,146.4308102,0,0,0.257475569,0,0.89326565,0,3705.819051
4,1,1,1,1,0,0,0,0,1,1,1,2438.821734,7.4976,10008.60518,1.034711164,65.09613543,63.97543673,0,0,1.544781933,0,1.361995367,0,368.0938317
4,1,1,1,1,0,0,0,0,1,1,0,488.3691292,7.461763252,17931.76483,1.853824475,36.23163473,114.6206155,0,0,0.20154234,0,0.613365997,0,3005.625231
5,1,1,1,1,0,0,0,0,1,1,0,3599.481386,7.768061988,216560.3673,4.479293538,83.02597208,319.9864899,0,0,2.434009347,0,8.080690283,0,108.5197229
4,1,1,1,1,0,0,0,0,1,1,1,4106.276311,7.4976,22097.73749,2.284511703,109.3791496,141.2496927,0,0,1.0941569,0,3.203278639,0,408.5414197
5,1,1,1,1,0,0,0,0,1,0,0,5530.522338,7.4976,28951.71161,2.993090312,58.49774685,185.0605913,0,0,0.325399968,0,1.855323136,0,192.4817717
5,1,1,1,1,0,0,0,0,1,1,0,692.3110341,7.47674698,32439.70257,3.353686332,10.83691446,207.3559802,0,0,0.364602906,0,2.078845338,0,83.04382299
5,1,1,1,1,0,1,0,0,1,1,1,15599.38498,7.253232914,72295.61873,7.474076801,700.0661672,462.1167182,0,0,0.812559629,0,4.632946606,0,84.43674874
5,1,1,1,1,0,0,0,0,1,1,0,15448.1779,7.500645161,93858.84738,9.703329829,981.5044343,599.9498072,0,0,0.043133844,0,5.71695437,0,106.250873
5,1,1,1,1,0,1,0,0,1,1,1,1923.51508,7.420125,76198.8732,7.877603655,40.6620097,487.0664894,0,0,0.856429881,0,4.883080291,0,81.49624363
5,1,1,1,1,0,0,0,0,1,1,0,2792.960933,7.258709677,70079.19899,7.244938552,54.22349715,447.9492674,0,0,0.787648393,0,4.490910968,0,167.4457041
5,1,1,1,1,0,0,0,0,1,1,0,3032.499,7.500645161,34231.50055,3.538926267,511.7764347,218.8092304,0,0,0.032973178,0,2.035186066,0,129.0043038
5,1,1,1,1,0,0,0,0,1,1,0,2343.570596,7.268488386,59496.57857,6.150884457,102.0523134,380.3047006,0,0,0.668706053,0,3.812741029,0,97.19294642
5,1,1,1,1,0,0,0,0,1,0,0,2550.089227,7.4976,26742.27664,2.764674166,54.03352142,170.9377876,0,0,0.300567237,0,1.713735106,0,145.1394952
4,1,1,1,1,0,0,0,0,1,1,0,533.1313079,7.445225512,18552.24425,1.917970975,37.48533084,118.5867468,0,0,0.208516159,0,0.654439026,0,2862.469865
5,1,1,1,1,0,0,0,0,1,1,0,1086.019064,7.512903226,43013.0814,4.446785013,7.832897077,274.9414746,0,0,0.483441377,0,2.756423045,0,128.8361589
5,1,1,1,1,0,0,0,0,1,1,0,2479.816714,7.258709677,64563.84942,6.674749834,97.38513779,412.6949148,0,0,0.725659154,0,4.137468803,0,99.07867347
4,1,1,1,1,0,0,0,0,1,1,1,1899.001254,7.4976,6936.742487,0.717135381,40.16395111,44.33995765,0,0,1.064455086,0,1.138068675,0,378.5279644
5,1,1,1,1,0,0,0,0,1,1,0,7512.361199,7.348202733,64796.18544,6.698769232,352.1740357,414.1800166,0,0,0.728270473,0,4.152357677,0,97.75011263
5,0,0,1,1,0,0,0,0,0,1,0,2534.753625,7.619109025,47810.80362,47.28426875,26.6997075,547.968234,0,0,0.537364913,0,3.063877234,0,96.40846512
5,1,1,1,1,0,0,0,0,1,1,0,3000.047114,7.653095915,168866.3791,3.948102075,126.1567842,249.5145376,0,0,1.89795737,0,4.957307856,0,194.3610687
5,1,1,1,1,0,0,0,0,1,1,0,2185.222629,6.880320961,47586.60755,4.919605998,660.4680192,304.1756513,0,0,0.534845083,0,5.107389213,0,83.75247488
4,1,1,1,1,0,0,0,0,1,1,0,1115.811806,7.868343197,16943.01168,1.930864177,21.61131546,121.9698418,0,0,3.113431956,0,1.128133808,0,75.24684257
4,1,1,1,1,0,0,0,0,1,1,0,478.5860904,7.385245787,18265.69398,1.88834679,36.90634795,116.755105,0,0,0.205295504,0,0.416920879,0,2796.632031
5,1,1,1,1,0,0,0,0,1,1,0,10180.33218,7.557935085,88986.39802,9.19960552,1128.817257,568.8049005,0,0,0.082003127,0,3.301011883,0,147.9235332
5,1,1,1,1,0,0,0,0,1,1,0,3388.657964,7.918523473,188668.3497,3.902380341,82.89031837,278.7736452,0,0,2.120519708,0,7.039933112,0,131.9006465
5,1,1,1,1,0,0,0,0,1,0,0,3542.373465,7.4976,27150.6863,2.806896437,54.85872462,173.5483598,0,0,0.305157518,0,1.739907372,0,173.5790904
5,1,1,1,1,0,0,0,0,1,1,0,21071.17913,7.520392192,112539.2419,11.73416612,997.2950485,732.2156831,0,0,4.004951152,0,7.47315469,0,73.16684255
5,1,1,1,1,0,0,0,0,1,1,0,3761.494345,7.771388167,203951.9534,4.218503498,80.19867738,301.3564786,0,0,2.292298295,0,7.610222445,0,187.012268
5,1,1,1,1,0,1,0,0,1,1,1,1997.287584,7.477883165,76821.5083,7.941973013,58.88794378,491.0463998,0,0,0.863427928,0,4.922980844,0,79.66167961
5,1,1,1,1,0,0,0,0,1,1,0,844.7869591,7.503334914,38932.03572,4.024877718,14.55330011,248.8552542,0,0,0.437572858,0,2.4948959,0,157.9491185
4,1,1,1,1,0,0,0,0,1,1,0,406.534239,7.680119388,16272.19463,1.682254534,32.8784265,104.012571,0,0,0.182889761,0,0.747715278,0,3009.496334
5,1,1,1,1,0,0,0,0,1,0,0,854.8608907,7.811510905,72882.4617,7.53474589,15.73595851,465.8678438,0,0,0.819155394,0,4.670553479,0,120.7513014
5,1,1,1,1,0,0,0,0,1,1,0,779.8091836,7.513931364,35149.53326,3.633834466,9.802456192,224.6773351,0,0,0.395059787,0,2.25250041,0,88.35209521
5,1,1,1,1,0,0,0,0,1,1,0,998.9350887,7.512903226,44773.235,4.628753482,11.1239023,286.1924524,0,0,0.503224453,0,2.869219612,0,107.6978613
5,1,1,1,1,0,0,0,0,1,0,0,1621.617067,8.077939943,95848.14622,9.908987828,82.80031565,612.6654914,0,0,1.077275989,0,6.142271849,0,157.0087905
5,0,0,1,1,0,0,0,0,0,1,0,2500.700008,7.61511648,43559.68126,47.21125315,51.05178797,496.5232956,0,0,0.489584833,0,2.791451003,0,86.07373038
5,1,1,1,1,0,0,0,0,1,1,0,2393.13747,7.243199256,70157.4396,7.253027236,41.85544525,448.4493849,0,0,0.788527771,0,4.495924891,0,156.7041295
5,1,1,1,1,0,0,0,0,1,1,0,2332.89902,7.258709677,58869.97624,6.086104958,88.79676163,376.2994314,0,0,0.661663416,0,3.772586242,0,140.9721259
5,1,1,1,1,0,1,0,0,1,1,1,1891.63375,7.420125,76436.35724,7.902155267,48.76488018,488.5844976,0,0,0.85909906,0,4.898299068,0,90.32334573
5,0,0,1,1,0,0,0,0,0,1,0,2388.167523,7.459061222,54580.1065,58.52010946,107.6921073,314.1165607,0,0,0.613447839,0,3.497676949,0,117.964496
5,1,1,1,1,0,0,0,0,1,1,0,3435.467525,7.730476239,173654.88,3.458752846,81.57890328,256.5899577,0,0,1.951777263,0,8.085791324,0,222.5015019
5,1,1,1,1,0,0,0,0,1,1,0,7986.009099,7.470921008,92418.54238,9.554427995,1457.552236,590.7433155,0,0,0.108390634,0,3.381886952,0,119.9008471
5,1,1,1,1,0,0,0,0,1,1,0,799.1786916,7.371456626,33645.92469,3.478388173,8.375270331,215.0662042,0,0,0.378160123,0,2.156144112,0,95.45603389
5,1,1,1,1,0,0,0,0,1,0,0,1831.232401,7.4976,20916.11073,2.162352583,42.26158948,133.6966834,0,0,0.235084608,0,1.340374782,0,120.1004336
4,1,1,1,1,0,0,0,0,1,1,1,2213.508579,7.4976,8186.682341,0.846356856,32.82317483,52.3296272,0,0,1.107461582,0,1.794072196,0,415.2948672
5,1,1,1,1,0,0,0,0,1,1,0,2679.234577,7.254203678,59409.72253,6.141905093,85.28884311,379.749513,0,0,0.667729843,0,3.807175002,0,102.6381223
5,1,1,1,1,0,0,0,0,1,1,0,3087.698342,7.500645161,34389.54694,3.555265443,514.1392997,219.8194697,0,0,0.033125415,0,2.027632012,0,129.6776983
5,1,1,1,1,0,0,0,0,1,1,0,2700.332472,7.500645161,33415.74667,3.454591874,496.1415849,213.5948964,0,0,0.037512179,0,2.086773169,0,124.6398834
4,1,1,1,1,0,0,0,0,1,1,0,374.7250319,7.368617263,27739.16309,2.867734435,56.0477585,177.3099288,0,0,0.311771646,0,1.712066765,0,4702.614787
5,1,1,1,1,0,0,0,0,1,0,0,5331.942662,7.4976,27289.99693,2.82129867,55.14020564,174.4388393,0,0,0.306723286,0,1.748834865,0,218.3714839
5,1,1,1,1,0,0,0,0,1,0,0,1565.479467,7.78851826,98976.97316,10.2324527,32.00810543,632.6650883,0,0,1.112442137,0,6.342777611,0,139.3984033
4,1,1,1,1,0,0,0,0,1,1,1,2233.737214,7.4976,9543.583364,0.986636207,40.79682652,61.00299716,0,0,0.964490492,0,1.879268379,0,399.0415943
5,1,1,1,1,0,0,0,0,1,0,0,3418.960091,7.4976,29674.95554,3.067860828,59.95908154,189.6835978,0,0,0.333528799,0,1.901671041,0,163.2079204
4,1,1,1,1,0,0,0,0,1,1,1,1596.883091,7.4976,5883.264658,0.608224574,46.35155605,37.60608186,0,0,0.762425126,0,0.975025953,0,317.9749666
5,1,1,1,1,0,0,0,0,1,1,0,3983.124637,7.810907864,251193.118,5.195630781,91.7353662,371.1593452,0,0,2.823260806,0,9.372969825,0,127.8874332
5,1,1,1,1,0,0,0,0,1,0,0,856.1659894,7.756725421,59492.46562,6.150459253,17.06464958,380.2784104,0,0,0.668659825,0,3.812477458,0,99.15163588
5,1,1,1,1,0,0,0,0,1,1,0,2524.260101,7.734191956,146363.6709,3.586395839,54.70159225,216.264859,0,0,1.645040353,0,4.422084125,0,140.8823608
5,1,1,1,1,0,0,0,0,1,1,0,3680.823677,7.967131117,213532.2959,4.416661485,72.09054776,315.5122551,0,0,2.399975631,0,7.967701433,0,120.2812294
5,1,1,1,1,0,0,0,0,1,0,0,4838.923393,7.4976,27586.27374,2.851928405,55.73884128,176.3326535,0,0,0.310053261,0,1.767821281,0,218.2700964
5,1,1,1,1,0,0,0,0,1,1,0,3806.978096,7.254847838,52584.78488,5.436328336,65.13871876,336.1242166,0,0,0.591021615,0,3.369810023,0,103.3141821
5,1,1,1,1,0,0,0,0,1,1,0,2831.597388,7.630324564,130899.3519,2.67208008,38.16097874,193.4150032,0,0,1.471230632,0,5.329558665,0,169.0732451
5,1,1,1,1,0,0,0,0,1,1,0,3109.877738,7.565828399,120173.2069,12.36750974,248.6019857,767.8637817,0,0,1.296722836,0,8.047781912,0,85.68000195
5,0,1,1,1,0,0,0,0,0,1,0,4871.801885,7.433654351,122916.369,16.53361605,439.8211497,880.0987824,0,0,1654.09706,0,7.876894678,0,157.19142
5,1,1,1,1,0,0,0,0,1,1,0,10113.29609,7.589009997,83797.79624,8.663196689,943.945605,535.6391337,0,0,0.075266683,0,3.107501914,0,126.6270991
5,1,1,1,1,0,0,0,0,1,1,0,822.6894307,7.512903226,38441.01733,3.97411518,12.56121695,245.7166435,0,0,0.432054104,0,2.463429789,0,189.4934306
4,1,1,1,1,0,0,0,0,1,1,1,2970.319489,7.4976,21331.01906,2.205246701,281.7460154,136.3487954,0,0,0.55000465,0,3.573906978,0,384.0656698
5,1,1,1,1,0,0,0,0,1,0,0,3616.227331,7.4976,30833.44618,3.187628087,62.29984444,197.08872,0,0,0.346549543,0,1.975911021,0,197.4628643
5,1,1,1,1,0,0,0,0,1,1,0,3467.281828,7.258709677,68171.89363,7.047757216,102.8273456,435.7576892,0,0,0.766211419,0,4.36868442,0,218.2903001
4,1,1,1,1,0,0,0,0,1,1,0,824.0595307,7.493525357,29636.39894,3.063874764,59.88117685,189.4371424,0,0,0.333095446,0,2.027709907,0,5159.525869
2,1,1,1,1,0,0,0,0,1,0,0,698.6809075,7.717557719,28884.25979,3.569062506,10.06175696,117.9836304,0,0,-2.51673606,0,0.275190071,0,84.14113945
5,1,1,1,1,0,0,0,0,1,1,0,2268.703553,7.725863538,116283.136,2.097012666,36.40177248,171.8182924,0,0,1.306953085,0,5.371241514,0,117.6647885
5,1,1,1,1,0,0,0,0,1,1,1,3388.357306,7.469064985,106436.9387,11.00368,215.0588256,680.3495105,0,0,5.464290561,0,9.04542094,0,105.4299975
5,1,1,1,1,0,1,0,0,1,1,1,2054.308258,7.247797565,67501.39245,6.978439361,36.71488497,431.4718167,0,0,0.758675385,0,4.325716448,0,97.41716441
4,1,1,1,1,0,0,0,0,1,1,0,471.2660374,7.594086843,17048.14802,1.762474267,34.44626214,108.9724987,0,0,0.191611015,0,0.804551402,0,3061.873275
4,1,1,1,1,0,0,0,0,1,1,1,4027.569863,7.4976,22349.79827,2.31057029,97.25901029,142.8608761,0,0,1.042755378,0,3.233044853,0,413.0822456
5,0,1,1,1,0,0,0,0,0,1,0,4670.772031,7.916572472,158016.9768,24.6288378,31.86060702,1369.537639,0,0,747.7483318,0,10.12625978,0,246.7202767
5,1,1,1,1,0,0,0,0,1,0,0,2441.902348,7.741958978,143207.3951,14.94029233,289.4178893,915.7456002,0,0,2.868791551,0,3.851580997,0,92.08742825
5,1,1,1,1,0,0,0,0,1,0,0,1738.382195,7.78007655,115296.19,11.91956849,45.61442096,736.9782276,0,0,1.2958604,0,7.388567961,0,198.4704772
5,1,1,1,1,0,0,0,0,1,1,0,3607.39021,7.308086858,57466.29559,5.94098943,106.373726,367.327044,0,0,0.645886883,0,3.682633661,0,93.59064104
4,1,1,1,1,0,0,0,0,1,1,1,4146.222082,7.4976,22486.7913,2.324732924,90.44399228,143.7365414,0,0,1.588957851,0,3.270558186,0,398.1242319
5,1,1,1,1,0,0,0,0,1,0,0,2609.477946,7.4976,24509.89261,2.533885496,49.52292675,156.6682924,0,0,0.275476572,0,1.570676422,0,157.9330955
5,1,1,1,1,0,0,0,0,1,1,0,7700.904003,7.33285642,66228.13615,6.846807382,402.199009,423.3331074,0,0,0.744364744,0,4.244121899,0,97.70896699
4,1,1,1,1,0,0,0,0,1,1,1,4516.527542,7.4976,22447.09906,2.320629456,174.4688377,143.4828269,0,0,2.958876515,0,3.611573043,0,330.9670602
4,1,1,1,1,0,0,0,0,1,1,0,612.8310507,7.585970025,22509.63388,2.32709444,45.48134779,143.8825523,0,0,0.252994858,0,0.860408815,0,3668.738542
5,1,1,1,1,0,0,0,0,1,0,0,1605.929474,7.82136683,96486.59437,9.974991973,42.07103077,616.7464796,0,0,1.084451765,0,6.183185756,0,132.5352168
5,1,1,1,1,0,0,0,0,1,1,0,15453.39634,7.500645161,94536.14172,9.773349976,1095.190143,604.2791019,0,0,0.055395089,0,5.193202509,0,128.4356092
5,1,1,1,1,0,0,0,0,1,1,0,2707.596314,7.221597851,54654.29118,5.650278356,70.72027526,349.3525904,0,0,0.614281631,0,3.502430953,0,97.31031668
5,1,1,1,1,0,0,0,0,1,1,0,754.2225625,7.460303553,35116.72053,3.630442216,9.72992466,224.4675947,0,0,0.394690991,0,2.25039766,0,81.56653637
5,1,1,1,1,0,0,0,0,1,0,0,1644.378499,8.077606727,93201.84017,9.635407008,96.47523341,595.7501888,0,0,1.047533087,0,5.972687649,0,149.5268562
5,1,1,1,1,0,0,0,0,1,0,0,2158.039748,7.952893353,112288.0114,11.6085765,67.11212321,717.7498198,0,0,1.262050266,0,7.195793748,0,149.8645865
5,0,1,1,1,0,0,0,0,0,1,0,4312.247262,8.150902215,176155.7817,24.72415986,19.89803526,1289.654471,0,0,254.6492977,0,11.28865546,0,224.3682827
5,1,1,1,1,0,0,0,0,1,1,0,10122.69273,7.585816914,84265.80091,8.71158002,960.1423634,538.6306398,0,0,0.075649403,0,3.125898074,0,128.6980071
4,1,1,1,1,0,0,0,0,1,1,1,1571.6175,7.4976,8245.489128,0.852436428,50.35883683,52.70552272,0,0,1.515292833,0,1.778069721,0,381.0765909
5,1,1,1,1,0,0,0,0,1,0,0,1696.645636,8.05348707,90234.61465,9.328648842,102.3312232,576.7835551,0,0,1.014183242,0,5.78253785,0,130.0407726
5,1,1,1,1,0,0,0,0,1,1,0,9189.245276,7.120958512,236140.914,24.75224796,471.0889072,1510.816573,0,0,-4.410750684,0,14.43641311,0,126.2504287
5,1,1,1,1,0,0,0,0,1,0,0,1832.759057,8.010407053,97186.00121,10.04729816,29.6440807,621.2171183,0,0,1.092312681,0,6.2280061,0,148.1769098
5,1,1,1,1,0,0,0,0,1,1,0,13432.98882,7.398287133,110757.7632,11.45037614,1662.933939,707.968407,0,0,0.064094165,0,3.462238726,0,167.7774066
5,1,1,1,1,0,0,0,0,1,0,0,354.3593766,7.260574295,27747.19335,1.872305506,10.24769497,177.3612586,0,0,0.878859672,0,0.225785204,0,82.96365206
5,1,1,1,1,0,0,0,0,1,0,0,1662.439403,7.739713369,108585.8985,11.2258441,37.27816528,694.0857543,0,0,1.220440727,0,6.958549893,0,135.1034929
5,0,1,1,1,0,0,0,0,0,1,0,3799.266147,7.936279002,183065.851,15.99810981,44.49921394,1466.952261,0,0,566.5059749,0,11.73147596,0,446.4322222
5,1,1,1,1,0,0,0,0,1,1,0,22741.64681,7.740474577,241653.8243,4.998321842,341.8802579,357.0642218,0,0,2.716044835,0,9.017022526,0,113.5202201
5,1,1,1,1,0,0,0,0,1,0,0,873.6611437,7.805827493,73953.92669,7.645516249,19.07533414,472.7166943,0,0,0.831198021,0,4.739216562,0,127.0923255
4,1,1,1,1,0,0,0,0,1,1,1,2811.350268,7.4976,11224.63525,1.160426972,72.07502445,71.74835343,0,0,1.150021062,0,1.281921559,0,359.0046183
5,1,1,1,1,0,0,0,0,1,0,0,3319.471278,7.4976,27908.32052,2.885222294,56.38954583,178.3911904,0,0,0.313672875,0,1.788459123,0,135.9704125
5,1,1,1,1,0,1,0,0,1,1,1,1923.900322,7.420125,76021,7.859214741,34.850333,485.9295162,0,0,0.854430692,0,4.871681578,0,79.523
5,1,1,1,1,0,1,0,0,1,1,1,2054.08,7.522580645,77441,8.0060174,77.49,495.0062175,0,0,0.870390645,0,4.962679958,0,79.769
5,1,1,1,1,0,0,0,0,1,1,0,602.662931,7.504666667,32100,3.318567148,7.781023,205.1845868,0,0,0.360784852,0,2.057076053,0,79.785
4,1,1,1,1,0,0,0,0,1,0,0,191.8603561,7.4976,4102,0.424073596,8.288206268,26.22016121,0,0,0.046104033,0,0.262869968,0,80.2775
5,1,1,1,1,0,0,0,0,1,0,0,356.691473,7.226,27208,1.975986,10.601399,173.9147114,0,0,0.837976,0,0.188614,0,80.454
5,1,1,1,1,0,0,0,0,1,1,0,1947.773,6.803,47004.8,4.85945748,813.431,300.4567123,0,0,0.528305913,0,5.5881,0,80.506
5,0,0,1,1,0,0,0,0,0,1,0,3158.372,7.599354839,70165.738,53.024,246.122,392.549,0,0,0.78862104,0,4.496456679,0,80.7
5,1,1,1,1,0,0,0,0,1,1,1,2593.304,7.73962963,144062.0206,14.89344202,291.0813608,920.8506593,0,0,3.9272,0,3.7491,0,80.96
5,1,1,1,1,0,0,0,0,1,1,0,753.616193,7.459666667,35111,3.629850815,9.725545,224.4310288,0,0,0.394626696,0,2.250031069,0,81.473
5,1,1,1,1,0,0,0,0,1,1,0,3483.759612,7.676100968,209827,4.340021847,98.505426,310.0373631,0,0,2.358330315,0,7.829442761,0,81.5006
5,0,0,1,1,0,0,0,0,0,1,0,2271.071,7.664516129,54220.227,65.662,100.177,422.418,0,0,0.609403008,0,3.47461466,0,81.545
5,1,1,1,1,0,0,0,0,1,1,1,755.349319,7.72,27946,3.42892,7.352073,115.2430974,0,0,0.569203612,0,0.277016,0,82
4,1,1,1,1,0,0,0,0,1,1,1,694.6275,7.415483871,32184.07,3.327258486,3.444803,205.7219658,0,0,0.361729749,0,0.26324,0,82.2
5,0,0,1,0,0,0,0,0,0,0,0,46.4772,7.39,3436,0.355221082,5.852367789,21.96306044,0,0,0.000146902,0,0.15443339,0,83.2
5,1,1,1,1,0,1,0,0,1,1,1,16190.37564,7.248181818,72504,7.495619705,729.404824,463.4487003,0,0,0.81490171,0,4.646300379,0,83.846
5,1,1,1,1,0,0,0,0,1,1,0,2779.553337,7.782258065,173235,3.583159864,60.672872,255.9695492,0,0,1.947058063,0,6.464056183,0,84.2588
5,1,1,1,1,0,0,0,0,1,1,1,21034.1,7.526774194,115231.4,11.91287036,996.2,736.5640869,0,0,1.295132199,0,7.384415998,0,84.709
5,1,1,1,1,0,0,0,0,1,1,1,308.8314,7.21,8259.0498,0.85383836,16.6876422,52.79220312,0,0,0.0148,0,0.8841,0,85.24
5,1,1,1,1,0,0,0,0,1,1,0,2163.340178,7.700322581,143535,2.9688507,44.192423,212.0852555,0,0,1.613247779,0,5.355836316,0,85.58
5,1,1,1,1,0,1,0,0,1,1,1,1971.724937,7.420125,69495,7.184542803,37.851417,444.2150423,0,0,0.781082345,0,4.453473531,0,85.699
5,1,1,1,1,0,1,0,0,1,1,1,1448.57209,7.420125,64883,6.707744308,35.85625,414.734939,0,0,0.729246216,0,4.157921046,0,86
5,1,1,1,1,0,0,0,0,1,1,0,3079.365288,8.037333333,176363,3.647858822,84.986988,260.5914371,0,0,1.982214917,0,6.58077375,0,86.2224
5,1,1,1,1,0,0,0,0,1,1,0,562.537975,7.512903226,26785,2.769090999,13.189503,171.2108771,0,0,0.301047422,0,1.716472962,0,86.369
5,1,1,1,1,0,1,0,0,1,1,1,1451.89063,7.420125,73717,7.621022258,57.120125,471.2022487,0,0,0.828535107,0,4.724033502,0,86.92
5,0,0,1,1,0,0,0,0,0,1,0,2379.382,7.618023964,38651.773,46.139,15.068,515.703,0,0,0.434422872,0,2.476935721,0,87.065
5,1,1,1,1,0,0,0,0,1,1,0,8854.9298,7.712258065,88995.525,9.200549085,1318.4332,568.8632405,0,0,0.171,0,2.9287,0,88.611
5,0,1,1,1,0,0,0,0,0,1,0,5604.962,7.275806452,109335.754,13.26215968,372.761,716.467,0,0,0.019,0,7.006603157,0,88.98
5,1,1,1,1,0,0,0,0,1,1,0,3572.361699,7.988387097,201018,4.157818163,86.555161,297.0213111,0,0,2.25932241,0,7.500745495,0,89.1778
5,1,1,1,1,0,1,0,0,1,1,1,1921.955411,7.420125,76919,7.952051916,64.190817,491.669571,0,0,0.864523677,0,4.929228441,0,89.485
5,1,1,1,1,0,0,0,0,1,1,0,806.615615,7.515333333,35611,3.681541892,10.108347,227.6270504,0,0,0.400246398,0,2.282072752,0,89.6485
5,1,1,1,1,0,1,0,0,1,1,1,1914.378128,7.420125,73497,7.598278184,40.460536,469.7959992,0,0,0.826062438,0,4.709935162,0,90.68
5,1,1,1,1,0,1,0,0,1,1,1,1877.287382,7.420125,76208,7.878547204,41.466264,487.1248283,0,0,0.856532461,0,4.883665168,0,90.72
5,1,1,1,1,0,0,0,0,1,1,0,1214.734283,7.475483871,36784,3.802809158,11.119537,235.1249171,0,0,0.413430218,0,2.35724254,0,90.807
5,1,1,1,1,0,1,0,0,1,1,1,1933.808364,7.420125,69274,7.161695347,40.469319,442.8024007,0,0,0.778598437,0,4.439311107,0,91
5,1,1,1,1,0,0,0,0,1,1,0,1705.710452,7.18483871,65230,6.743617916,110.857855,416.952978,0,0,0.733146289,0,4.180157974,0,91.2455
5,1,1,1,1,0,0,0,0,1,1,0,15444.7161,7.500645161,93409.545,9.656879981,906.0878,597.077847,0,0,0.035,0,6.0644,0,91.534
5,1,1,1,1,0,0,0,0,1,0,0,346.06456,7.383548387,29665,1.503534,8.989638,189.6199616,0,0,1.024275,0,0.357996,0,91.89
5,1,1,1,1,0,0,0,0,1,1,0,2833.289344,7.319354839,57757,5.971043078,163.464177,369.1852392,0,0,0.649154227,0,3.701262979,0,92.844
5,1,1,1,1,0,0,0,0,1,1,0,4020.918338,7.302067452,57311,5.924934637,75.875753,366.3343879,0,0,0.644141453,0,3.672681797,0,93.9895
5,1,1,1,1,0,0,0,0,1,1,1,3247.812,7.570865097,119868.8457,12.39229948,242.1983711,766.2068402,0,0,5.796,0,8.0909,0,96.38
5,1,1,1,1,0,0,0,0,1,1,0,3128.557377,7.1875,49898,5.158562728,52.78,318.9501717,0,0,0.560823755,0,3.197631804,0,96.65
5,1,1,1,1,0,0,0,0,1,0,0,700.49753,7.762857143,51407,5.314566399,14.117941,328.5957648,0,0,0.577784015,0,3.294333604,0,96.72
5,1,1,1,1,0,1,0,0,1,1,1,2034.45126,7.165806452,67482,6.976434527,41.877094,431.3478593,0,0,0.758457426,0,4.324473714,0,97.058
5,1,1,1,1,0,0,0,0,1,0,0,1785.04762,8.012692308,85216,8.809813649,112.235747,544.7043534,0,0,0.957777007,0,5.46092813,0,97.083
5,1,1,1,1,0,0,0,0,1,1,0,2457.703294,7.258709677,64451,6.663083218,97.21492091,411.9735764,0,0,0.724390794,0,4.130237032,0,97.12
5,1,1,1,1,0,0,0,0,1,1,0,804.92968,7.360322581,33461,3.45927026,8.204836,213.8841576,0,0,0.37608168,0,2.144293515,0,97.221
5,1,1,1,1,0,0,0,0,1,1,0,8186.479507,7.293333333,69916,7.22806669,531.033953,446.9060925,0,0,0.785814134,0,4.480452628,0,97.603
5,1,1,1,1,0,0,0,0,1,1,0,7272.305106,7.367741935,62973,6.510284394,288.481339,402.5261365,0,0,0.707778956,0,4.035521817,0,97.8025
5,1,1,1,1,0,0,0,0,1,1,0,2378.190736,7.381,56424,5.833234666,196.318874,360.6646456,0,0,0.634172102,0,3.615839852,0,97.9385
5,1,1,1,1,0,1,0,0,1,1,1,2083.601095,7.36875,67530,6.98139687,29.099648,431.6546774,0,0,0.758996917,0,4.327549716,0,97.947
5,1,1,1,1,0,0,0,0,1,1,0,2249.4257,7.258709677,59831,6.185457665,90.24632563,382.4423368,0,0,0.67246475,0,3.83417188,0,98.029
5,1,1,1,1,0,0,0,0,1,1,0,8009.864759,7.286666667,66551,6.880185741,362.143611,425.3968671,0,0,0.747993541,0,4.264812101,0,98.053
5,1,1,1,1,0,0,0,0,1,0,0,122.63,7.4976,3540.1,0.365983164,7.152871528,22.62847214,0,0,0.039788612,0,0.226861525,0,98.18
5,1,1,1,1,0,0,0,0,1,1,0,3351.5133,7.258709677,64470,6.665047478,97.24357963,412.0950252,0,0,0.724604343,0,4.131454616,0,99.557
5,1,1,1,1,0,0,0,0,1,0,0,1715.95,7.4976,18003.20047,1.861209646,36.37597245,115.0772352,0,0,0.202345234,0,1.153705688,0,99.77
5,1,1,1,1,0,0,0,0,1,1,1,31348.7,7.49,195902.5,20.25282245,3882.41,1252.217243,0,0,2.201827241,0,12.55409164,0,101.6475
5,1,1,1,1,0,0,0,0,1,0,0,498.056125,7.211935484,31679.56241,0.988622,19.561039,202.4971315,0,0,0.271864,0,0.194002,0,101.74
5,1,1,1,1,0,0,0,0,1,1,0,1059.933264,7.512903226,45313,4.684555551,12.212029,289.6426536,0,0,0.50929109,0,2.90380957,0,102.167
5,1,1,1,1,0,0,0,0,1,1,0,3792.321418,7.251612903,52261,5.402854758,64.403143,334.0545697,0,0,0.587382466,0,3.349060798,0,103.953
5,1,1,1,1,0,1,0,0,1,1,1,2230.67,7.306774194,76637,7.922898148,55.28,489.8670148,0,0,0.861354165,0,4.911156932,0,105.46
5,1,1,1,1,0,0,0,0,1,1,0,9064.631272,7.197419355,67809,7.010240491,325.98223,433.4380574,0,0,0.762132711,0,4.345428975,0,105.508
5,1,1,1,1,0,0,0,0,1,0,0,1263.855907,7.740666667,80668,8.339631612,24.78197,515.633341,0,0,0.9066602,0,5.169476981,0,105.52
5,1,1,1,1,0,0,0,0,1,1,0,1098.021144,7.512903226,47736,4.935050511,24.971524,305.1305743,0,0,0.536524165,0,3.059083567,0,107.205
2,1,1,1,1,0,0,0,0,1,1,0,1098.44,7.874193548,17617.8,1.821366116,3.060337428,112.6137387,0,0,0.198013563,0,1.129007928,0,109.58
5,1,1,1,1,0,0,0,0,1,1,0,3439.038703,7.2462381,58665,6.064914074,76.525144,374.9892144,0,0,0.659359606,0,3.759450675,0,110.786
5,1,1,1,1,0,0,0,0,1,1,0,2204.268411,7.7368,114610,2.031184,36.200394,169.3460907,0,0,1.288148034,0,5.376013,0,111.78
5,1,1,1,1,0,0,0,0,1,1,0,4835.082145,7.265806452,66599,6.885148085,206.548752,425.7036852,0,0,0.748533033,0,4.267888102,0,112.831
5,1,1,1,1,0,0,0,0,1,0,0,2241.931637,7.903913032,107561,11.11988788,162.155783,687.5345588,0,0,1.208921478,0,6.892870946,0,113.229
5,1,1,1,1,0,0,0,0,1,0,0,1554.698346,7.856774194,96971,10.02507087,62.715014,619.8428213,0,0,1.089896195,0,6.214228099,0,113.791
5,1,1,1,1,0,0,0,0,1,1,0,3905.41,7.042580645,65962,6.819293652,91.37,421.6319536,0,0,0.741373533,0,4.227066998,0,114.161
5,1,1,1,1,0,0,0,0,1,1,0,7785.4618,7.500645161,91962,9.507229661,1374.873544,587.8250769,0,0,0.088581551,0,3.411393894,0,114.286
5,1,1,1,1,0,0,0,0,1,1,0,23950.71,7.744516129,243652,5.039651728,357.16,360.0166975,0,0,2.738503138,0,9.091582054,0,115.5305
5,0,0,1,1,0,0,0,0,0,1,0,2853.256,7.621333333,66586.259,49.632,50.544,614.11,0,0,0.748389832,0,4.267071616,0,115.562
5,0,0,1,1,0,0,0,0,0,1,0,2339.075,7.481290323,66213.532,27.058,68.162,442.116,0,0,0.744200602,0,4.243186015,0,115.945
5,1,1,1,1,0,0,0,0,1,1,0,3591.703579,7.31891129,60537,6.258445466,87.488594,386.9551193,0,0,0.680399769,0,3.879414737,0,116.482
5,1,1,1,1,0,0,0,0,1,0,0,359.427584,7.388064516,35099,1.778949599,16.4628584,224.3543243,0,0,0.94723626,0,0.243316774,0,117.178
5,0,1,1,1,0,0,0,0,0,1,0,4960.276,7.229516129,108067.671,13.10834431,611.224,673.185,0,0,2027.014,0,6.92534013,0,119.142
5,1,1,1,1,0,0,0,0,1,0,0,1702.6061,7.970666667,100557,10.39579928,15.416522,642.7646882,0,0,1.130200696,0,6.44403105,0,119.915
5,1,1,1,1,0,0,0,0,1,1,0,1038.529612,7.487419355,46423,4.799309742,11.136198,296.7378215,0,0,0.521766828,0,2.974942107,0,120.582
5,1,1,1,1,0,0,0,0,1,0,0,844.960497,7.813225806,72694,7.515262314,15.516985,464.6631885,0,0,0.817037197,0,4.658476219,0,121.12
5,1,1,1,1,0,0,0,0,1,1,0,10263.2429,7.238965517,132768.047,13.7258467,2002.9792,848.6590922,0,0,0.019,0,3.2726,0,122.924
5,1,1,1,1,0,1,0,1,1,1,1,8986.916,7.122333333,236509.887,24.4509016,477.8748727,1511.781415,0,0,2.658230048,0,14.359,0,123.13
5,1,1,1,1,0,0,0,0,1,1,0,4427.243434,7.655806452,286919,5.934578145,117.496634,423.9473956,0,0,3.224798409,0,10.70603825,0,123.3757
5,1,1,1,1,0,0,0,0,1,1,0,2631.96,7.500645161,33084.68,3.420365488,494.6309481,211.4787039,0,0,0.031868514,0,2.09,0,124.118
5,1,1,1,1,0,0,0,0,1,1,0,813.122126,7.512903226,43129,4.458768927,7.809245,275.6824312,0,0,0.484744233,0,2.763851499,0,124.546
5,1,1,1,1,0,0,0,0,1,1,0,3326.11396,7.690322581,215172,4.450576813,72.737814,317.9350583,0,0,2.418404927,0,8.028885023,0,125.81
5,1,1,1,1,0,0,0,0,1,0,0,1863.92,7.4976,21742.04808,2.247739766,43.9304191,138.9761106,0,0,0.244367651,0,1.393303628,0,125.865
5,1,1,1,1,0,0,0,0,1,1,0,10116.8015,7.588666667,83783.317,8.661699794,942.9024,535.5465818,0,0,0.075,0,3.108,0,126.733
5,1,1,1,1,0,0,0,0,1,0,0,3197.19,7.4976,28469.2,2.943207223,57.52281859,181.9763563,0,0,0.319976826,0,1.824402168,0,129.52
5,1,1,1,1,0,0,0,0,1,1,0,1279.256082,7.512903226,42931,4.43829926,7.849645,274.4168067,0,0,0.482518831,0,2.751162992,0,131.874
5,1,1,1,1,0,0,0,0,1,1,0,3457.379058,7.994516129,208901,4.320868639,61.239308,308.6691188,0,0,2.347922628,0,7.794890182,0,133.2284
5,1,1,1,1,0,0,0,0,1,0,0,1392.757471,7.747741935,106162,10.97525625,32.173161,678.5920903,0,0,1.193197553,0,6.803218317,0,133.26
5,1,1,1,1,0,0,0,0,1,0,0,1603.281957,7.704193548,123861,12.805017,36.801359,791.7248629,0,0,1.392123755,0,7.937429815,0,135.44
5,1,1,1,1,0,0,0,0,1,1,1,4886.0303,7.123,151004.8938,15.61121121,305.1096312,965.2298048,0,0,4.6313,0,16.949,0,135.6
5,1,1,1,1,0,0,0,0,1,1,0,6977.93,7.500645161,89761.32,9.279718622,1341.972382,573.7582352,0,0,0.086461766,0,21.1941,0,135.75
5,1,1,1,1,0,0,0,0,1,0,0,2033.501394,7.728666667,111921,11.57063408,44.302266,715.4038671,0,0,1.257925278,0,7.172274423,0,137.64
5,0,0,1,1,0,0,0,0,0,1,0,3052.146,7.863870968,67692.333,46.948,97.07,483.88,0,0,0.760821444,0,4.337952561,0,138.618
5,0,0,1,1,0,0,0,0,0,1,0,1942.129,7.3778148,45554.202,61.703,27.525,268.695,0,0,0.512002057,0,2.919266606,0,139.545
5,1,1,1,1,0,0,0,0,1,1,1,3928.9522,7.0775,54772.315,5.662479913,110.6690016,350.1070037,0,0,4.1884,0,12.7169,0,140.24
5,1,1,1,1,0,0,0,0,1,0,0,1631.057645,7.804,96249,9.950428955,31.945438,615.2277661,0,0,1.081781346,0,6.167959909,0,141.729
5,1,1,1,1,0,0,0,0,1,1,0,7689.0194,7.825806452,99872.46,10.32503006,1608.3884,638.3890789,0,0,0.103,0,3.9593,0,141.945
5,1,1,1,1,0,0,0,0,1,0,0,947.992702,7.786666667,77217,7.982859798,28.291072,493.5743999,0,0,0.867873019,0,4.948325284,0,142.56
5,1,1,1,1,0,0,0,0,1,0,0,3098.57,7.4976,28515,2.947942126,57.61535878,182.2691119,0,0,0.32049159,0,1.827337186,0,143.58
5,1,1,1,1,0,0,0,0,1,0,0,1884.88149,7.990967742,97659,10.09619779,14.923214,624.240547,0,0,1.097628905,0,6.258317455,0,144.85
5,1,1,1,1,0,0,0,0,1,0,0,436.676773,7.311,35817.54373,1.917049,13.876207,228.9472869,0,0,0.966628,0,0.208758,0,146.347
5,1,1,1,1,0,0,0,0,1,0,0,1969.6,7.4976,24866.1,2.570710983,50.2426538,158.9451854,0,0,0.279480131,0,1.593503391,0,146.79
5,1,1,1,1,0,0,0,0,1,1,0,3083.77779,7.393,200019,3.206366,461.360258,295.5452031,0,0,2.248094246,0,7.607415,0,147.4428
5,1,1,1,1,0,0,0,0,1,1,0,3977.882,7.258709677,61977,6.407315768,93.48325322,396.1596615,0,0,0.69658451,0,3.971694784,0,147.91
5,1,1,1,1,0,0,0,0,1,1,0,9176.6872,7.294444444,95129.1,9.834651281,1948.4275,608.0693169,0,0,0.226,0,3.2067,0,153.237
5,1,1,1,1,0,0,0,0,1,1,0,6655.7015,7.500645161,52568.058,5.434599076,583.5324,336.0172977,0,0,0.364,0,1.9001,0,154.831
5,1,1,1,1,0,0,0,0,1,1,1,26695.34,7.446451613,202681.47,20.95364698,2329.081,1295.548712,0,0,2.278018821,0,12.98851085,0,156.2035
5,1,1,1,1,0,0,0,0,1,1,0,3133.748396,7.258709677,67901,7.019751649,102.4187421,434.0261254,0,0,0.763166736,0,4.351324645,0,157
5,1,1,1,1,0,0,0,0,1,1,0,3816.521051,7.940537645,229189,4.740501781,53.993791,338.6463763,0,0,2.575947646,0,8.551912561,0,159.1949
5,1,1,1,1,0,0,0,0,1,0,0,3811.78,7.4976,25650.2,2.651772931,51.82694988,163.9571865,0,0,0.288292947,0,1.643751158,0,161.94
5,1,1,1,1,0,0,0,0,1,0,0,1609.833025,8.093548387,95163,9.838155936,92.604772,608.2860072,0,0,1.069575354,0,6.098365373,0,162.406
5,1,1,1,1,0,0,0,0,1,1,0,1096.72,7.500645161,10739.3,1.110251968,160.5573982,68.64606955,0,0,0.010344532,0,0.398381749,0,164.046
5,1,1,1,1,0,0,0,0,1,0,0,2124.32,7.972580645,114188,11.80500142,28.91,729.8946291,0,0,1.283405005,0,7.317551414,0,164.59
5,1,1,1,1,0,0,0,0,1,1,0,6181.2559,7.500645161,43247,4.470968021,646.5622341,276.4366923,0,0,0.041657275,0,1.604277329,0,167.417
5,1,1,1,1,0,0,0,0,1,1,0,3312.061071,7.750107516,179527,3.440411,56.841991,265.266518,0,0,2.01777639,0,8.644776,0,172.3372
5,1,1,1,1,0,0,0,0,1,0,0,2086.01,7.4976,20223.28578,2.090726848,40.8617172,129.2681164,0,0,0.227297669,0,1.295976227,0,173.295
5,1,1,1,1,0,0,0,0,1,1,0,2575.83422,7.258709677,71467,7.388412411,23.516748,456.8201515,0,0,0.803246449,0,4.579845929,0,174.101
5,1,1,1,1,0,0,0,0,1,1,0,717.690417,7.512903226,39670,4.101170055,15.73298,253.5723538,0,0,0.445867136,0,2.542187135,0,181.016
5,1,1,1,1,0,0,0,0,1,0,0,5754.8,7.4976,29323,3.031474906,59.24794549,187.4338828,0,0,0.329573028,0,1.879116546,0,185.16
5,1,1,1,1,0,0,0,0,1,1,0,10298.7663,7.500645161,98686,10.20237127,1475.400389,630.8051754,0,0,0.095058382,0,3.660825317,0,187.427
5,1,1,1,1,0,0,0,0,1,1,0,3768.360807,7.772666667,203775,4.214843428,80.316344,301.0950148,0,0,2.290309445,0,7.603619642,0,187.9775
5,1,1,1,1,0,0,0,0,1,1,0,3767.053631,7.963024194,215501,1.971671,75.614256,318.421184,0,0,2.422102691,0,4.512876,0,190.3399
4,1,1,1,1,0,0,0,0,1,1,1,369.59,7.4976,1531.5,0.158329769,22.94,9.789414163,0,0,0.092340826,0,0.14,0,190.83
4,1,1,1,1,0,0,0,0,1,1,1,2830.27,7.4976,13901.85,1.4372032,133.57,88.86122578,0,0,1.81,0,1.43,0,194.41
5,1,1,1,1,0,0,0,0,1,1,0,15469.429,7.500645161,96617,9.988473588,1444.467902,617.580038,0,0,0.093065437,0,3.584074333,0,196.594
5,1,1,1,1,0,0,0,0,1,1,0,923.590492,7.512903226,37260,3.852019064,9.513243,238.1675297,0,0,0.418780174,0,2.387746223,0,197.64
4,1,1,1,1,0,0,0,0,1,1,1,3759.92,7.4976,16417.75,1.697302361,138.86,104.9429673,0,0,0.69,0,1.2,0,204.28
5,1,1,1,1,0,0,0,0,1,0,0,3705.93,7.4976,31235.2,3.229162262,63.11159932,199.6567478,0,0,0.351065016,0,2.001656758,0,206.8
5,1,1,1,1,0,0,0,0,1,1,0,2955.568011,7.774666667,149744,4.324377,67.2603,221.2595848,0,0,1.683033236,0,3.306228,0,206.97
5,1,1,1,1,0,0,0,0,1,0,0,4165.21,7.4976,25236,2.608952042,50.99004714,161.3096022,0,0,0.283637586,0,1.617207828,0,215.68
5,1,1,1,1,0,0,0,0,1,1,0,3358.229943,7.540940154,144574,3.210102,39.806858,213.620467,0,0,1.62492552,0,5.290561,0,217.17
5,1,1,1,1,0,0,0,0,1,0,0,4741.2,7.4976,27645,2.857999652,55.85749933,176.7080343,0,0,0.310713309,0,1.771584657,0,218.25
5,1,1,1,1,0,0,0,0,1,0,0,5616.49,7.4976,27119,2.803620639,54.79470155,173.3458196,0,0,0.304801383,0,1.737876807,0,218.43
5,1,1,1,1,0,0,0,0,1,1,0,2489.0801,7.258709677,57071.872,5.900213069,86.08458399,364.8058714,0,0,0.641453797,0,3.65735767,0,221.32
5,0,1,1,1,0,0,0,0,0,1,0,4284.689,8.157741935,175679.612,24.675,10.826,1287.767,0,0,255.582,0,11.2581409,0,222.475
4,1,1,1,1,0,0,0,0,1,1,1,1124.32,7.4976,4235.45,0.437869945,56.03,27.07317938,0,0,0.29,0,0.72,0,223.26
5,0,1,1,1,0,0,0,0,0,1,0,4839.52,8.291666667,171332.74,24.517,29.328,1238.926,0,0,213.606,0,10.97957871,0,242.81
5,0,1,1,1,0,0,0,0,0,1,0,4635.615,8.070645161,181743.141,25.301,126.349,1311.802,0,0,243.705,0,11.64671225,0,246.584
5,0,1,1,1,0,0,0,0,0,1,0,4659.006,7.924642857,158630.112,24.772,27.567,1377.763,0,0,757.1659094,0,10.16555155,0,248.707
4,1,1,1,1,0,0,0,0,1,1,1,2198.9,7.4976,13466.36,1.392181305,54.31,86.07755488,0,0,2.09,0,1.27,0,275.7855
5,1,1,1,1,0,0,0,0,1,0,0,2314.77,7.834,130529,13.4943692,68.03,834.347007,0,0,1.467068098,0,8.3647377,0,307.22
5,1,1,1,1,0,0,0,0,1,1,0,3253.688899,7.504516129,163841,4.367908,201.485243,242.0891096,0,0,1.841475107,0,3.224042,0,321.0156
4,1,1,1,1,0,0,0,0,1,1,1,4509.36,7.4976,23544.64,2.434095602,94.77,150.498356,0,0,3.9,0,3.69,0,323.42
5,1,1,1,1,0,0,0,0,1,1,0,4080.5673,7.258709677,68670,7.099252526,103.5786663,438.9416066,0,0,0.771809837,0,4.400604753,0,330.988
4,1,1,1,1,0,0,0,0,1,1,1,2340.44,7.4976,15968.11,1.65081761,78.58,102.068849,0,0,0.37,0,2.16,0,331.19
4,1,1,1,1,0,0,0,0,1,1,1,4530.38,7.4976,20325.92,2.101337395,328.5,129.9241587,0,0,1.14,0,3.46,0,345.553
4,1,1,1,1,0,0,0,0,1,1,1,1143.45,7.4976,8284.49,0.856468422,62.1,52.95481798,0,0,1.8,0,1.75,0,359.4605
5,1,1,1,1,0,0,0,0,1,1,0,3775.078002,7.676451613,157495,3.509229,149.654067,232.7123511,0,0,1.770149852,0,6.547484,0,360.552
5,0,0,1,1,0,0,0,0,0,1,0,2090.63,6.834,35828.04,26.37040836,20.41,239.2282854,0,0,0.402685798,0,2.295981406,0,360.66
4,1,1,1,1,0,0,0,0,1,1,1,2788.69,7.4976,17371.69,1.795922734,269.66,111.040593,0,0,2.1,0,2.04,0,367.8365
4,1,1,1,1,0,0,0,0,1,1,1,1043.3,7.4976,9331.31,0.964690929,122.37,59.64613664,0,0,1.29,0,1.96,0,369.42
4,1,1,1,1,0,0,0,0,1,1,1,5367.6,7.4976,24479.898,2.530784589,410.87,156.4765656,0,0,1.476,0,4.3,0,370.523
4,1,1,1,1,0,0,0,0,1,1,1,2672.98,7.4976,18445.99,1.906986182,319.15,117.907565,0,0,0.98,0,2.87,0,377.224
4,1,1,1,1,0,0,0,0,1,1,1,3255.91,7.4976,24102.05,2.491721849,245.82,154.0613448,0,0,0.137,0,4.25,0,390.637
4,1,1,1,1,0,0,0,0,1,1,1,2211.21,7.4976,8187.23,0.846413474,32.82,52.33312786,0,0,1.09,0,1.82,0,413.3665
4,1,1,1,1,0,0,0,0,1,1,1,4067.82,7.4976,22258.4,2.30112134,89.51,142.2766544,0,0,1.09,0,3.18,0,414.253
4,1,1,1,1,0,0,0,0,1,1,1,386.1,7.4976,2741.36,0.283407702,34.03,17.52289155,0,0,0.39,0,0.57,0,437.434
4,1,1,1,1,0,0,0,0,1,1,1,2254.65,7.4976,8176.88,0.845343469,32.88,52.26697021,0,0,1.42,0,1.33,0,449.81
5,0,1,1,1,0,0,0,0,0,1,0,3457.775783,7.780481933,188262,9.894,68.188,1593.007389,0,0,785.238037,0,12.06446268,0,603.984
4,1,1,1,1,0,0,0,0,1,1,0,275.6292,7.64,11431.7,1.181833772,23.09807108,73.07192026,0,0,0.128485489,0,0.54305,0,2557.45
4,1,1,1,1,0,0,0,0,1,1,0,367.5954,7.578571429,12518.7614,1.294216521,25.29450919,80.02046369,0,0,0.140703411,0,0.831148,0,2656.5525
4,1,1,1,1,0,0,0,0,1,1,0,439.15,7.344516129,18242.23,1.885921034,36.85893833,116.6051222,0,0,0.205031783,0,0.28,0,2786.512
4,1,1,1,1,0,0,0,0,1,1,0,538.379,7.447,18301.27,1.892024716,36.97823031,116.9825085,0,0,0.205695358,0,0.62452,0,2811.976
4,1,1,1,1,0,0,0,0,1,1,0,295.41,7.450833333,14427.84,1.491581179,29.15185615,92.22337658,0,0,0.162160315,0,0.5,0,3241.832
4,1,1,1,1,0,0,0,0,1,1,0,566.458,7.608333333,21207.1,2.192435681,42.84954148,135.5566994,0,0,0.238355154,0,0.78013,0,3434.045
4,1,1,1,1,0,0,0,0,1,1,0,532.45,7.718709677,20928.2,2.163602399,42.28601619,133.7739585,0,0,0.235220484,0,0.94458,0,3444.3135
4,1,1,1,1,0,0,0,0,1,1,0,393.71,7.498387097,15538.56,1.606409805,31.39609712,99.3231468,0,0,0.174644145,0,0.82,0,3565.412
4,1,1,1,1,0,0,0,0,1,1,0,338.77,7.505925926,16826.43,1.73955258,33.99827464,107.5552675,0,0,0.189119036,0,0.58,0,3584.906
4,1,1,1,1,0,0,0,0,1,1,0,516.861,7.858709677,22894.2,2.366851714,46.25837443,146.3407155,0,0,0.257317151,0,0.702047,0,3669.13
4,1,1,1,1,0,0,0,0,1,1,0,687.158,7.595806452,24529.9,2.535953903,49.56335225,156.7961805,0,0,0.275701444,0,0.919166,0,3904.2865
4,1,1,1,1,0,0,0,0,1,1,0,716.45,7.536,25420.1,2.627984697,51.36202636,162.4863774,0,0,0.285706761,0,1.039789,0,4193.153
4,1,1,1,1,0,0,0,0,1,1,0,805.43,7.226451613,27261.6,2.818362934,55.08282886,174.2573249,0,0,0.306404122,0,1.18604,0,4504.315
4,1,1,1,1,0,0,0,0,1,1,0,340.2399,7.38,27777.4,2.871687449,56.12501725,177.5543408,0,0,0.312201406,0,1.754184,0,4718.492
4,1,1,1,1,0,0,0,0,1,1,0,836.55,7.484193548,30102.3,3.112040619,60.82254303,192.4152021,0,0,0.338331896,0,2.12885,0,5274.05
